source,title,url,author,created_at,score,text
google_news,Winning with statistics - University of Delaware,https://news.google.com/rss/articles/CBMijwFBVV95cUxOY0tkWlE2MldhYWx4THFtcGNhRDVybUtPMHZ0M3lSaFB5N1kxRVB0bXljbXFaQ2R2anhoTnNycjNPczZyeXFSdU11NGNNbjB1ZmtmQTB5YWJLeHVnMVFJdFVWeXNOMEQ2UnpiNXVvaUFIekY5X1loRmY5Rk1zZWlsT2VyeHVERnBNUDJpUEpFOA?oc=5,"""""","Wed, 30 Apr 2025 07:00:00 GMT",0,"<a href=""https://news.google.com/rss/articles/CBMijwFBVV95cUxOY0tkWlE2MldhYWx4THFtcGNhRDVybUtPMHZ0M3lSaFB5N1kxRVB0bXljbXFaQ2R2anhoTnNycjNPczZyeXFSdU11NGNNbjB1ZmtmQTB5YWJLeHVnMVFJdFVWeXNOMEQ2UnpiNXVvaUFIekY5X1loRmY5Rk1zZWlsT2VyeHVERnBNUDJpUEpFOA?oc=5"" target=""_blank"">Winning with statistics</a>&nbsp;&nbsp;<font color=""#6f6f6f"">University of Delaware</font>"
google_news,UNC Charlotte Kicks Off Southeast’s First Sports Analytics Degree Program - Power 98 FM,https://news.google.com/rss/articles/CBMiqgFBVV95cUxORWswa2V6Snl0MW9KajhSa1pFVHQzeF9vWjNXb18zaFNMZUZJSVBtQW14aWE1TzVBUXFUcTZyamtRcjZ6UVRyaXZVN0ZqbFNSY19HNnFqTUs2M3lydG5KUUtQdG93TmV5VGVuVVVrUWI4NG1PVFl6TEVuV3JDY1AxdXVTOW51ODVGQlc1b3ZyVlk1UmJxX2ZnX2x1bmE4NjhKV285cDlsT0xHQQ?oc=5,"""""","Wed, 28 May 2025 07:00:00 GMT",0,"<a href=""https://news.google.com/rss/articles/CBMiqgFBVV95cUxORWswa2V6Snl0MW9KajhSa1pFVHQzeF9vWjNXb18zaFNMZUZJSVBtQW14aWE1TzVBUXFUcTZyamtRcjZ6UVRyaXZVN0ZqbFNSY19HNnFqTUs2M3lydG5KUUtQdG93TmV5VGVuVVVrUWI4NG1PVFl6TEVuV3JDY1AxdXVTOW51ODVGQlc1b3ZyVlk1UmJxX2ZnX2x1bmE4NjhKV285cDlsT0xHQQ?oc=5"" target=""_blank"">UNC Charlotte Kicks Off Southeast’s First Sports Analytics Degree Program</a>&nbsp;&nbsp;<font color=""#6f6f6f"">Power 98 FM</font>"
google_news,AI in sports: How modern tools are changing analytics - TechTarget,https://news.google.com/rss/articles/CBMisAFBVV95cUxOazRHQVc3VW9PLTN6SnBTbURfMWFrOUNVbXhudVZLU2c3YzdCbXNmendMeXpCNTc5WVNSZzd4NXllN3hrZ0tKZlVYM1dzU0wzZnVYMWhTZmRZYmJNVlFubUQxeXZ6UW44QzJjOGE1R0R5VUV1NC1rcWNtR2pFeHFuRTFKUnl5WVBtZWw0bTBsby05eGsxeUthemM4dXN5NFZoTEZxZGxhUzYyYlR3VnhKRA?oc=5,"""""","Wed, 27 Aug 2025 07:00:00 GMT",0,"<a href=""https://news.google.com/rss/articles/CBMisAFBVV95cUxOazRHQVc3VW9PLTN6SnBTbURfMWFrOUNVbXhudVZLU2c3YzdCbXNmendMeXpCNTc5WVNSZzd4NXllN3hrZ0tKZlVYM1dzU0wzZnVYMWhTZmRZYmJNVlFubUQxeXZ6UW44QzJjOGE1R0R5VUV1NC1rcWNtR2pFeHFuRTFKUnl5WVBtZWw0bTBsby05eGsxeUthemM4dXN5NFZoTEZxZGxhUzYyYlR3VnhKRA?oc=5"" target=""_blank"">AI in sports: How modern tools are changing analytics</a>&nbsp;&nbsp;<font color=""#6f6f6f"">TechTarget</font>"
google_news,The Tech Stack: MLB’s journey from ‘America’s pastime’ to sport’s analytics and streaming pioneer - SportsPro,https://news.google.com/rss/articles/CBMipwFBVV95cUxQa0FwaXItMVJnNEZMcXJMLTJCSHE4eEhidVR6SnR5YUJLLXEyZzFER0VYOG5Vc2x2MGxCRGcydGtDMWJIRGdMcUw3aV9yOUEtTlhpZU5rb2tIY09ZNFJHUHlVMGxlSzBXdTlna21YU0luT25KSUpCYXU4bU1MN0dxRURNZzh1d3YtOFoxY0Y2N0sxcmpaM0RmbWNWajJCTFZfRFV0anN0bw?oc=5,"""""","Wed, 26 Mar 2025 07:00:00 GMT",0,"<a href=""https://news.google.com/rss/articles/CBMipwFBVV95cUxQa0FwaXItMVJnNEZMcXJMLTJCSHE4eEhidVR6SnR5YUJLLXEyZzFER0VYOG5Vc2x2MGxCRGcydGtDMWJIRGdMcUw3aV9yOUEtTlhpZU5rb2tIY09ZNFJHUHlVMGxlSzBXdTlna21YU0luT25KSUpCYXU4bU1MN0dxRURNZzh1d3YtOFoxY0Y2N0sxcmpaM0RmbWNWajJCTFZfRFV0anN0bw?oc=5"" target=""_blank"">The Tech Stack: MLB’s journey from ‘America’s pastime’ to sport’s analytics and streaming pioneer</a>&nbsp;&nbsp;<font color=""#6f6f6f"">SportsPro</font>"
google_news,Meet the future of sports analytics - U. of Utah,https://news.google.com/rss/articles/CBMifkFVX3lxTFBDY3o5MTFnZDNzbloyVGkzWEpaam9KUENKaHpiblFLRWcxQ2g2MTFHX2RaQ2N4NE5NekNMUVVEVFpYNTZlWUJpV2JEMm5RV0hpdTNqbTRsa3NkM2J4MWRkVlUwOHE4UzZvVzZSWlFtZnhOU2FtaWZ4eW5IdEN1UQ?oc=5,"""""","Wed, 23 Apr 2025 07:00:00 GMT",0,"<a href=""https://news.google.com/rss/articles/CBMifkFVX3lxTFBDY3o5MTFnZDNzbloyVGkzWEpaam9KUENKaHpiblFLRWcxQ2g2MTFHX2RaQ2N4NE5NekNMUVVEVFpYNTZlWUJpV2JEMm5RV0hpdTNqbTRsa3NkM2J4MWRkVlUwOHE4UzZvVzZSWlFtZnhOU2FtaWZ4eW5IdEN1UQ?oc=5"" target=""_blank"">Meet the future of sports analytics</a>&nbsp;&nbsp;<font color=""#6f6f6f"">U. of Utah</font>"
google_news,Statpaders & Statisticians: My Experiences at a Sports Analytics Conference - NC State University,https://news.google.com/rss/articles/CBMivgFBVV95cUxOd3ZpR3c1MTVqREYzWjh3Yk5ndXRxVUR4OGIzemYwOVJLWGN4WmNVNV8taEthVW92WlotMHdGT0UxRDlzakRHQWFEQXNabUhWM3JlbDhEWUFCanJzVVc3OElacFVTNmxfX2xZdW04cXlBVUNaak1qVmJJTjFUR29OS05POVJ5ZTVyUkMxZC1RS1RHTk5kVDBpbHJrWkNFTXpjMFZyRkcyLTlISFRVWDJkS1Y4ZkdMLWY5am1rTmd3?oc=5,"""""","Wed, 20 Nov 2024 08:00:00 GMT",0,"<a href=""https://news.google.com/rss/articles/CBMivgFBVV95cUxOd3ZpR3c1MTVqREYzWjh3Yk5ndXRxVUR4OGIzemYwOVJLWGN4WmNVNV8taEthVW92WlotMHdGT0UxRDlzakRHQWFEQXNabUhWM3JlbDhEWUFCanJzVVc3OElacFVTNmxfX2xZdW04cXlBVUNaak1qVmJJTjFUR29OS05POVJ5ZTVyUkMxZC1RS1RHTk5kVDBpbHJrWkNFTXpjMFZyRkcyLTlISFRVWDJkS1Y4ZkdMLWY5am1rTmd3?oc=5"" target=""_blank"">Statpaders & Statisticians: My Experiences at a Sports Analytics Conference</a>&nbsp;&nbsp;<font color=""#6f6f6f"">NC State University</font>"
google_news,Phillies Sue Over Potential Sale of Analytics Software to Rival Teams - Sportico.com,https://news.google.com/rss/articles/CBMitAFBVV95cUxPbGpMWjFuaEthZkFoZWxVcUxXTEozT0lsZklac0U4RldUSjdKMENjMjdhUmRldV9zMm9Bbzg1MjNxWmlvQXJtMU8yUkVnOU92UW1DZEZrSmZKdGFETzFLQjFzZFZCYjdSbVp3YXBhNlhocUdvTDlhNllob1RwQzBIUEtGQ2dYblY0VGJsWkh4NHRpVjNYOE16RWRQbGpuNXROSXpIaUhOUUZIcWpHQjlPRkRLM2U?oc=5,"""""","Wed, 19 Mar 2025 07:00:00 GMT",0,"<a href=""https://news.google.com/rss/articles/CBMitAFBVV95cUxPbGpMWjFuaEthZkFoZWxVcUxXTEozT0lsZklac0U4RldUSjdKMENjMjdhUmRldV9zMm9Bbzg1MjNxWmlvQXJtMU8yUkVnOU92UW1DZEZrSmZKdGFETzFLQjFzZFZCYjdSbVp3YXBhNlhocUdvTDlhNllob1RwQzBIUEtGQ2dYblY0VGJsWkh4NHRpVjNYOE16RWRQbGpuNXROSXpIaUhOUUZIcWpHQjlPRkRLM2U?oc=5"" target=""_blank"">Phillies Sue Over Potential Sale of Analytics Software to Rival Teams</a>&nbsp;&nbsp;<font color=""#6f6f6f"">Sportico.com</font>"
google_news,Canisius University unveils sport data analytics program for fall 2025 - WGRZ,https://news.google.com/rss/articles/CBMi0wFBVV95cUxOcllSRlVtblQ4TWFJQWxhb1J3UFJIMUZILVA2elpJV3BndEsyWDlhWXBkd3VhSXY5b0NNM1dEUy1tajRPV1BETmhINWg5SHJNOHBRX3lfZ0dUbWRqWmFJQm4wOXE2ZjZTZEF1SVlOQ0hMT3p4M21KekNKWDRMc0ZKaFB2VHhWTVBSc1k2Y3paMnVka1dDbnJvTzJ1U3lQM0w2UHdLbWhKT3JSTmk5OUR6cG0zWnVpcFZXOU1EUHR3OUJLV3JkcmhHUnU2Vm1WVVpBdG5V?oc=5,"""""","Wed, 13 Aug 2025 07:00:00 GMT",0,"<a href=""https://news.google.com/rss/articles/CBMi0wFBVV95cUxOcllSRlVtblQ4TWFJQWxhb1J3UFJIMUZILVA2elpJV3BndEsyWDlhWXBkd3VhSXY5b0NNM1dEUy1tajRPV1BETmhINWg5SHJNOHBRX3lfZ0dUbWRqWmFJQm4wOXE2ZjZTZEF1SVlOQ0hMT3p4M21KekNKWDRMc0ZKaFB2VHhWTVBSc1k2Y3paMnVka1dDbnJvTzJ1U3lQM0w2UHdLbWhKT3JSTmk5OUR6cG0zWnVpcFZXOU1EUHR3OUJLV3JkcmhHUnU2Vm1WVVpBdG5V?oc=5"" target=""_blank"">Canisius University unveils sport data analytics program for fall 2025</a>&nbsp;&nbsp;<font color=""#6f6f6f"">WGRZ</font>"
google_news,Top 10 companies redefining the sports analytics landscape - Straits Research,https://news.google.com/rss/articles/CBMiigFBVV95cUxPSW1GR3lfLW9GMWRFb20ybExad2pGSmd2eHdUVDZSSGwzRXFWWEZwbklRamJxekFRU3JiTGhBSW5qcUhvSm9Vd0lnd09wRXA0MjZYRWY3N0FvQS1iaWNwRzFqQVhYcmthS2pjV053MmxSSmlHaU1kWVU1MHJBRDlpQkg3VWFwR2Znb1E?oc=5,"""""","Wed, 11 Dec 2024 08:00:00 GMT",0,"<a href=""https://news.google.com/rss/articles/CBMiigFBVV95cUxPSW1GR3lfLW9GMWRFb20ybExad2pGSmd2eHdUVDZSSGwzRXFWWEZwbklRamJxekFRU3JiTGhBSW5qcUhvSm9Vd0lnd09wRXA0MjZYRWY3N0FvQS1iaWNwRzFqQVhYcmthS2pjV053MmxSSmlHaU1kWVU1MHJBRDlpQkg3VWFwR2Znb1E?oc=5"" target=""_blank"">Top 10 companies redefining the sports analytics landscape</a>&nbsp;&nbsp;<font color=""#6f6f6f"">Straits Research</font>"
google_news,Dentsu expands sports analytics offering to MENA - Campaign Middle East,https://news.google.com/rss/articles/CBMifEFVX3lxTE1GbTVpN0hGemNJRllBdF9HWUFWZVRMOWo0RDNFNFBNZXBVNm5sYUNnejloZllYVnJfU3dNQW5aTXZZMTNlSmRXTVd1NjllUnhMUFVGVm55UldKU2gwcXBjNXdSYW1ZVFBuemdOLTR4ZEx1dktGY0YySVlQT0s?oc=5,"""""","Wed, 09 Jul 2025 07:00:00 GMT",0,"<a href=""https://news.google.com/rss/articles/CBMifEFVX3lxTE1GbTVpN0hGemNJRllBdF9HWUFWZVRMOWo0RDNFNFBNZXBVNm5sYUNnejloZllYVnJfU3dNQW5aTXZZMTNlSmRXTVd1NjllUnhMUFVGVm55UldKU2gwcXBjNXdSYW1ZVFBuemdOLTR4ZEx1dktGY0YySVlQT0s?oc=5"" target=""_blank"">Dentsu expands sports analytics offering to MENA</a>&nbsp;&nbsp;<font color=""#6f6f6f"">Campaign Middle East</font>"
google_news,"Sports Analytics Market Size, Outlook 2032 by Top Companies- IBM - openPR.com",https://news.google.com/rss/articles/CBMinwFBVV95cUxQWWE0NXJjU01GUF9TeXlEN2VQMG8zdGRybDRoUVhpSnNqVWt4cTVDWGxkeGsyWTFSX2tPN3BZMHR4cE9yY25vb3BIVHcxZXRxZTVQbUpiS3dKeFkxMVlkcmEtNHZnbXhkdDZQSTBPejQzY2xYZXVfLXh0YVM3bDVDc0E4SUFsOHVDX0d4ak9ncHZOdloySGcyZmk0MHhpaW8?oc=5,"""""","Wed, 08 Oct 2025 12:02:29 GMT",0,"<a href=""https://news.google.com/rss/articles/CBMinwFBVV95cUxQWWE0NXJjU01GUF9TeXlEN2VQMG8zdGRybDRoUVhpSnNqVWt4cTVDWGxkeGsyWTFSX2tPN3BZMHR4cE9yY25vb3BIVHcxZXRxZTVQbUpiS3dKeFkxMVlkcmEtNHZnbXhkdDZQSTBPejQzY2xYZXVfLXh0YVM3bDVDc0E4SUFsOHVDX0d4ak9ncHZOdloySGcyZmk0MHhpaW8?oc=5"" target=""_blank"">Sports Analytics Market Size, Outlook 2032 by Top Companies- IBM</a>&nbsp;&nbsp;<font color=""#6f6f6f"">openPR.com</font>"
google_news,Sony acquires majority stake in sports analytics firm STATSports - Investing.com,https://news.google.com/rss/articles/CBMivgFBVV95cUxPZEVCeFozQ0Ewdm5JRmx6TmNOdF84MjFmeUpnVkJHdzU3YjJBT0dkUWY1eTFHLUpPbE9zQWdkcXhUaDhvYUpMcWFmVWhMcksyQlJtOGpDbnVYaXB0NEUtZzQ1SzZzTzNZMlhGWmRHLVBidWQteks1Z1ljM1hEYVhuSFNyaFpJVjcxckhnWThsOGt2eVNVUHBkS3hleC1GZkFXY0lQNzU1bGpmYzlHYTBxYU1BTWFwUkVzcWpBWmdR?oc=5,"""""","Wed, 08 Oct 2025 11:51:49 GMT",0,"<a href=""https://news.google.com/rss/articles/CBMivgFBVV95cUxPZEVCeFozQ0Ewdm5JRmx6TmNOdF84MjFmeUpnVkJHdzU3YjJBT0dkUWY1eTFHLUpPbE9zQWdkcXhUaDhvYUpMcWFmVWhMcksyQlJtOGpDbnVYaXB0NEUtZzQ1SzZzTzNZMlhGWmRHLVBidWQteks1Z1ljM1hEYVhuSFNyaFpJVjcxckhnWThsOGt2eVNVUHBkS3hleC1GZkFXY0lQNzU1bGpmYzlHYTBxYU1BTWFwUkVzcWpBWmdR?oc=5"" target=""_blank"">Sony acquires majority stake in sports analytics firm STATSports</a>&nbsp;&nbsp;<font color=""#6f6f6f"">Investing.com</font>"
google_news,'The Future Of Chess Growth' With Prominent Guests At MIT Sloan Sports Conference - Chess.com,https://news.google.com/rss/articles/CBMikAFBVV95cUxPWk9UNnJQd1dLMjlaUF9Bd2FhSUdkSGpqX3lrdHFsYlhYX0FWb0tJRXkwdGEzWmlKWVg5ak9ZS1NPa0VxNU40UlhxdWg0R1dXMkFnV0Z0LUZmUUMzdG5JMm54d3ZrVGIwaExQVTdsR2NGZFRsc1pWdFRjRE9ERnFtYmY2RUNhVFZNeW1zLW1wZUY?oc=5,"""""","Wed, 05 Mar 2025 08:00:00 GMT",0,"<a href=""https://news.google.com/rss/articles/CBMikAFBVV95cUxPWk9UNnJQd1dLMjlaUF9Bd2FhSUdkSGpqX3lrdHFsYlhYX0FWb0tJRXkwdGEzWmlKWVg5ak9ZS1NPa0VxNU40UlhxdWg0R1dXMkFnV0Z0LUZmUUMzdG5JMm54d3ZrVGIwaExQVTdsR2NGZFRsc1pWdFRjRE9ERnFtYmY2RUNhVFZNeW1zLW1wZUY?oc=5"" target=""_blank"">'The Future Of Chess Growth' With Prominent Guests At MIT Sloan Sports Conference</a>&nbsp;&nbsp;<font color=""#6f6f6f"">Chess.com</font>"
google_news,Nebraska has hired a director of sports analytics - FootballScoop,https://news.google.com/rss/articles/CBMilAFBVV95cUxNRTFxeE5UZVJXVkhwYk93anRlcHoxUVNOQ1JackV3QjBpMEpvX0JfTDU3aWZYMVl5YVFWZnNIMXN5N1NwQy0zZTNIZG1NZVNUSGx3ZXpzTENjYUFLUG1LNHFva0l6ekFHek1fVW44SHQtY2FOWl9TUjMzb3VfN2xpOUU0eGRacGdwSXgyU2lGcEYtaXRO?oc=5,"""""","Wed, 05 Mar 2025 08:00:00 GMT",0,"<a href=""https://news.google.com/rss/articles/CBMilAFBVV95cUxNRTFxeE5UZVJXVkhwYk93anRlcHoxUVNOQ1JackV3QjBpMEpvX0JfTDU3aWZYMVl5YVFWZnNIMXN5N1NwQy0zZTNIZG1NZVNUSGx3ZXpzTENjYUFLUG1LNHFva0l6ekFHek1fVW44SHQtY2FOWl9TUjMzb3VfN2xpOUU0eGRacGdwSXgyU2lGcEYtaXRO?oc=5"" target=""_blank"">Nebraska has hired a director of sports analytics</a>&nbsp;&nbsp;<font color=""#6f6f6f"">FootballScoop</font>"
google_news,How the right kind of sports analytics can transform business thinking - Big Think,https://news.google.com/rss/articles/CBMiowFBVV95cUxQek1CM3lySjJESW1iMVRkTEJ5RHA3WWpVZlYzYVBKbWdwYi10NktXY2IyVnBKQml4UDRSVTZ3WEpqcDg1Tjk5VWJ5dWxUU0pHQmxnZ2xOZzNyR1ZKWlEydmdjX0tnMmxDNDZMT0hodHJfUUVWY0NvYy1BdXFsWUpmRVhkUEdueGtDZDlfMUNJSFFLeDdTV3pKajlyZzdwR29fOFRV?oc=5,"""""","Wed, 05 Feb 2025 08:00:00 GMT",0,"<a href=""https://news.google.com/rss/articles/CBMiowFBVV95cUxQek1CM3lySjJESW1iMVRkTEJ5RHA3WWpVZlYzYVBKbWdwYi10NktXY2IyVnBKQml4UDRSVTZ3WEpqcDg1Tjk5VWJ5dWxUU0pHQmxnZ2xOZzNyR1ZKWlEydmdjX0tnMmxDNDZMT0hodHJfUUVWY0NvYy1BdXFsWUpmRVhkUEdueGtDZDlfMUNJSFFLeDdTV3pKajlyZzdwR29fOFRV?oc=5"" target=""_blank"">How the right kind of sports analytics can transform business thinking</a>&nbsp;&nbsp;<font color=""#6f6f6f"">Big Think</font>"
google_news,AI-Powered Football Match Analysis: SAP Sports One on AWS - Amazon Web Services,https://news.google.com/rss/articles/CBMinAFBVV95cUxOLWxPWGh2dHN3aDhhc0JVb1ZyM3BadTBjS2V1NE1FbEJsdUNqSkhiODBJOGlHc1FoV01DVGQ5bkRGR244QkMwR0pxQ29fMjhJQmpJVXc0QnJHOUx3djJXZ3BKcm5WN2pZOUNhWUg3Zlh1TjBWcm40ekVpMm9icTVVekJ0OUVvd0xvNko2LTJlSENub0dwWEthN1V0WDY?oc=5,"""""","Wed, 05 Feb 2025 08:00:00 GMT",0,"<a href=""https://news.google.com/rss/articles/CBMinAFBVV95cUxOLWxPWGh2dHN3aDhhc0JVb1ZyM3BadTBjS2V1NE1FbEJsdUNqSkhiODBJOGlHc1FoV01DVGQ5bkRGR244QkMwR0pxQ29fMjhJQmpJVXc0QnJHOUx3djJXZ3BKcm5WN2pZOUNhWUg3Zlh1TjBWcm40ekVpMm9icTVVekJ0OUVvd0xvNko2LTJlSENub0dwWEthN1V0WDY?oc=5"" target=""_blank"">AI-Powered Football Match Analysis: SAP Sports One on AWS</a>&nbsp;&nbsp;<font color=""#6f6f6f"">Amazon Web Services</font>"
google_news,AI-powered sports analytics company picks Indiana for North American launchpad - WTHR,https://news.google.com/rss/articles/CBMilwJBVV95cUxObWhFTWdLT0FYY3VFNHBBQlhxWGxLbENIeEJ0SGVoOU1Yem5vQWkzV0QwdjN2RVU2UXM4cERBaUF3SF9remduSUlFMWtxZjdaMkRGR1AwbXJWMC1SemZHWi1rMk1mQWFrZzFLSmZLT1NWenZXZ293R2dpUi1VcnZJZmsxUjhDRGZ2OS1mWWYzd0c3T0FKSkxuSTh5TXFnY1g4QmRrZlJVMzh2SEk2YjZJSmdXbFFZSDRnQVh2VW9VYkNtV19JVUhTR3NYRUhydnhYb0pSRTNuZjhDeVRvY2tSUFN1bHd6VE1vUUNMRFJKTF91cW5uVHRhOUZPamVwOWh6dm5TS2stSkNPX20wRUwxVXdPWDI2Y3M?oc=5,"""""","Wed, 04 Jun 2025 07:00:00 GMT",0,"<a href=""https://news.google.com/rss/articles/CBMilwJBVV95cUxObWhFTWdLT0FYY3VFNHBBQlhxWGxLbENIeEJ0SGVoOU1Yem5vQWkzV0QwdjN2RVU2UXM4cERBaUF3SF9remduSUlFMWtxZjdaMkRGR1AwbXJWMC1SemZHWi1rMk1mQWFrZzFLSmZLT1NWenZXZ293R2dpUi1VcnZJZmsxUjhDRGZ2OS1mWWYzd0c3T0FKSkxuSTh5TXFnY1g4QmRrZlJVMzh2SEk2YjZJSmdXbFFZSDRnQVh2VW9VYkNtV19JVUhTR3NYRUhydnhYb0pSRTNuZjhDeVRvY2tSUFN1bHd6VE1vUUNMRFJKTF91cW5uVHRhOUZPamVwOWh6dm5TS2stSkNPX20wRUwxVXdPWDI2Y3M?oc=5"" target=""_blank"">AI-powered sports analytics company picks Indiana for North American launchpad</a>&nbsp;&nbsp;<font color=""#6f6f6f"">WTHR</font>"
google_news,How AI is opening the playbook on sports analytics - Tech Xplore,https://news.google.com/rss/articles/CBMieEFVX3lxTE05WmE0RWpWUmJ5ODJ6cXdyS09NOTFmeWlhZTVKRnY1Tlh3ZlRmT1AwRTlwQnRqVldYeWJhNG1oSmNJNFhPVy0wODFCaXBCWWx5Xy11V2dVTnFRaDNMSThTMHJGRV9CWnhPclEtY3k0V0RKUnVuLUhLVw?oc=5,"""""","Wed, 03 Sep 2025 07:00:00 GMT",0,"<a href=""https://news.google.com/rss/articles/CBMieEFVX3lxTE05WmE0RWpWUmJ5ODJ6cXdyS09NOTFmeWlhZTVKRnY1Tlh3ZlRmT1AwRTlwQnRqVldYeWJhNG1oSmNJNFhPVy0wODFCaXBCWWx5Xy11V2dVTnFRaDNMSThTMHJGRV9CWnhPclEtY3k0V0RKUnVuLUhLVw?oc=5"" target=""_blank"">How AI is opening the playbook on sports analytics</a>&nbsp;&nbsp;<font color=""#6f6f6f"">Tech Xplore</font>"
google_news,How AI is opening the playbook on sports analytics - University of Waterloo,https://news.google.com/rss/articles/CBMiogFBVV95cUxObUp5eXUxVGdfRnllMTVXRHV0M0p5NkdWTzhBMmMyYURlT2xkV0ROZEpVbG1BVHl2MGVTVWNub3JXVldzeXlaTWNhb3BsSEtaQ0JPWk9KeXRzNEpjSVlwcE1MRU5NLVM3cFF1aGF0ME8xV0ZMc29wWWZVX1VKajFZRC1QX2p2QjFRLTlQUldxYkxpb2dQbmNOdkN4OEpQQnkwTlE?oc=5,"""""","Wed, 01 Oct 2025 17:39:46 GMT",0,"<a href=""https://news.google.com/rss/articles/CBMiogFBVV95cUxObUp5eXUxVGdfRnllMTVXRHV0M0p5NkdWTzhBMmMyYURlT2xkV0ROZEpVbG1BVHl2MGVTVWNub3JXVldzeXlaTWNhb3BsSEtaQ0JPWk9KeXRzNEpjSVlwcE1MRU5NLVM3cFF1aGF0ME8xV0ZMc29wWWZVX1VKajFZRC1QX2p2QjFRLTlQUldxYkxpb2dQbmNOdkN4OEpQQnkwTlE?oc=5"" target=""_blank"">How AI is opening the playbook on sports analytics</a>&nbsp;&nbsp;<font color=""#6f6f6f"">University of Waterloo</font>"
google_news,nDatalyze Corp. Advances in Sports Analytics and RTO Progress - TipRanks,https://news.google.com/rss/articles/CBMisgFBVV95cUxOTkNQSS16c3pZME5kVS1pdGdMU0pOa2k4cnc0OHVWR3F2d0dBdFg2Q1N0eWZiVndXSG5HdGItZUhzaEg0MG94MFlXUGdCbDgwcVU1Sll0bmRvalJhUmxXWXZKalJXbkQxaHc3MjhKSThkVl9EYXIyM2dweFRPaE5kVnB1OC1VeFBPbmFNcUNoaVVpcU9WOTJ5aEc3WjNtdWtZRWZKWm4zdHFVbTRZMHBXb1Rn?oc=5,"""""","Tue, 30 Sep 2025 17:41:35 GMT",0,"<a href=""https://news.google.com/rss/articles/CBMisgFBVV95cUxOTkNQSS16c3pZME5kVS1pdGdMU0pOa2k4cnc0OHVWR3F2d0dBdFg2Q1N0eWZiVndXSG5HdGItZUhzaEg0MG94MFlXUGdCbDgwcVU1Sll0bmRvalJhUmxXWXZKalJXbkQxaHc3MjhKSThkVl9EYXIyM2dweFRPaE5kVnB1OC1VeFBPbmFNcUNoaVVpcU9WOTJ5aEc3WjNtdWtZRWZKWm4zdHFVbTRZMHBXb1Rn?oc=5"" target=""_blank"">nDatalyze Corp. Advances in Sports Analytics and RTO Progress</a>&nbsp;&nbsp;<font color=""#6f6f6f"">TipRanks</font>"
google_news,AI in sports: A look back at the analytics pioneers - TechTarget,https://news.google.com/rss/articles/CBMirgFBVV95cUxPV2tyT3NaU1JhMDk2RU5ONDlCOXo3dFg5czBFSllHOV81Q3lYUDFaU29SNGVpc2Jrc0gzSnlMZTA3ckdWZW5MbkszQ05WNmZ5cTJWS2U1b0F4Q1pwV3NXNUN2YnVyRWxWV0lLT3F0ZENCbEtBbXQtU1p0TllmemVWNHIzUklXTWpvTmIyMkFPRmkwcGtiM0gzdUZHTmFfRVc3MGJFSUIyYXIweXdlWVE?oc=5,"""""","Tue, 26 Aug 2025 07:00:00 GMT",0,"<a href=""https://news.google.com/rss/articles/CBMirgFBVV95cUxPV2tyT3NaU1JhMDk2RU5ONDlCOXo3dFg5czBFSllHOV81Q3lYUDFaU29SNGVpc2Jrc0gzSnlMZTA3ckdWZW5MbkszQ05WNmZ5cTJWS2U1b0F4Q1pwV3NXNUN2YnVyRWxWV0lLT3F0ZENCbEtBbXQtU1p0TllmemVWNHIzUklXTWpvTmIyMkFPRmkwcGtiM0gzdUZHTmFfRVc3MGJFSUIyYXIweXdlWVE?oc=5"" target=""_blank"">AI in sports: A look back at the analytics pioneers</a>&nbsp;&nbsp;<font color=""#6f6f6f"">TechTarget</font>"
google_news,Sports Analytics Market Trends: Powering Strategy with Data - openPR.com,https://news.google.com/rss/articles/CBMimgFBVV95cUxOcnNWcDhOR0FaR2V2eUFnWHBhRmFueE91Wm1KRndaU190OGJ2WE9acFlTREtCUDdBWXV3eDRxNjk0N1pJbHVqRlZiZmlaeHdudlBZWGY5SXpTdlM1R3ZnYlRvenpEcHU5WVhrX0dfY3NQdzZyWFM0S0VxVkRFbVBvX3VoNHZySlVsWDNrcC1GcVVxUjZldWtYUjF3?oc=5,"""""","Tue, 26 Aug 2025 07:00:00 GMT",0,"<a href=""https://news.google.com/rss/articles/CBMimgFBVV95cUxOcnNWcDhOR0FaR2V2eUFnWHBhRmFueE91Wm1KRndaU190OGJ2WE9acFlTREtCUDdBWXV3eDRxNjk0N1pJbHVqRlZiZmlaeHdudlBZWGY5SXpTdlM1R3ZnYlRvenpEcHU5WVhrX0dfY3NQdzZyWFM0S0VxVkRFbVBvX3VoNHZySlVsWDNrcC1GcVVxUjZldWtYUjF3?oc=5"" target=""_blank"">Sports Analytics Market Trends: Powering Strategy with Data</a>&nbsp;&nbsp;<font color=""#6f6f6f"">openPR.com</font>"
google_news,"One AI-based advancement at a time, UF leaders are transforming the sports industry - University of Florida",https://news.google.com/rss/articles/CBMiW0FVX3lxTE50ZXRtaXp2S3FoR3ZZRWZaNDZfcEJtNjBUbXZXNGpzdGNpbVRNZkd2dnV1MFZmckJmTnlGRUR6UVpwRE0zVkRxeUZkcm1oaFIyTWx1R0hOZm85S3c?oc=5,"""""","Tue, 25 Feb 2025 08:00:00 GMT",0,"<a href=""https://news.google.com/rss/articles/CBMiW0FVX3lxTE50ZXRtaXp2S3FoR3ZZRWZaNDZfcEJtNjBUbXZXNGpzdGNpbVRNZkd2dnV1MFZmckJmTnlGRUR6UVpwRE0zVkRxeUZkcm1oaFIyTWx1R0hOZm85S3c?oc=5"" target=""_blank"">One AI-based advancement at a time, UF leaders are transforming the sports industry</a>&nbsp;&nbsp;<font color=""#6f6f6f"">University of Florida</font>"
google_news,SumerSports brings AI analytics to the NFL - SiliconANGLE,https://news.google.com/rss/articles/CBMifEFVX3lxTE91MmdRT1dLWC0wdGhUYmVjd1A3SjZkR0RCbllJOEVOZG9taDVJUWE5Mnludm10V1JESUJlQVM2cGpMa2NOdWc1bUx2dkVpNUxoT3RNZEdNNXVTVUNMaGdWa1pyN19kSnRrMDdOakdmVk9zNnVwMHBFUGx6WHg?oc=5,"""""","Tue, 22 Apr 2025 07:00:00 GMT",0,"<a href=""https://news.google.com/rss/articles/CBMifEFVX3lxTE91MmdRT1dLWC0wdGhUYmVjd1A3SjZkR0RCbllJOEVOZG9taDVJUWE5Mnludm10V1JESUJlQVM2cGpMa2NOdWc1bUx2dkVpNUxoT3RNZEdNNXVTVUNMaGdWa1pyN19kSnRrMDdOakdmVk9zNnVwMHBFUGx6WHg?oc=5"" target=""_blank"">SumerSports brings AI analytics to the NFL</a>&nbsp;&nbsp;<font color=""#6f6f6f"">SiliconANGLE</font>"
google_news,Data-driven edge: Sports analytics at Charlotte - Inside UNC Charlotte,https://news.google.com/rss/articles/CBMicEFVX3lxTE1JdWxOSDNQdFZPZ2hnRzZoT0laLVN0eUtra0VabldINGxvMVljSVVlSkNhWGR0UW9xWmx5clRacWVmLTNVTldqVWM5M3FXUzk3c0llSWt6RFZCX25qcUFYSW1QU01Sd2pDa1h0aUtFWF8?oc=5,"""""","Tue, 18 Mar 2025 15:46:27 GMT",0,"<a href=""https://news.google.com/rss/articles/CBMicEFVX3lxTE1JdWxOSDNQdFZPZ2hnRzZoT0laLVN0eUtra0VabldINGxvMVljSVVlSkNhWGR0UW9xWmx5clRacWVmLTNVTldqVWM5M3FXUzk3c0llSWt6RFZCX25qcUFYSW1QU01Sd2pDa1h0aUtFWF8?oc=5"" target=""_blank"">Data-driven edge: Sports analytics at Charlotte</a>&nbsp;&nbsp;<font color=""#6f6f6f"">Inside UNC Charlotte</font>"
google_news,Falk College Research Team Wins Prestigious Sports Analytics Research Paper Competition - Syracuse University Today,https://news.google.com/rss/articles/CBMiwwFBVV95cUxNa3hxNXVzeGIzbko2Yl9OQWROOU9Ra1J2UThpU3E2QVdRdlpZR09Vb2pjTUREWmZYS0JJNkJaVFRBWExkRTZsTHo5T1loeXh0ZXJQdnp4NDJpdm1TVnZQdXdlUG00VzRKRDV6dDZhRDZnRk1GT0ZQNk5YTHNNdUd0SVVTR0JGMnVrU3ZKdVZySmNzUmVnanV0bG96cVNPVzhLRHY4RkE3MHE0cDhPbFNXWGl4Z3RUWFdwS3BxSzR3dHR3WUk?oc=5,"""""","Tue, 18 Mar 2025 07:00:00 GMT",0,"<a href=""https://news.google.com/rss/articles/CBMiwwFBVV95cUxNa3hxNXVzeGIzbko2Yl9OQWROOU9Ra1J2UThpU3E2QVdRdlpZR09Vb2pjTUREWmZYS0JJNkJaVFRBWExkRTZsTHo5T1loeXh0ZXJQdnp4NDJpdm1TVnZQdXdlUG00VzRKRDV6dDZhRDZnRk1GT0ZQNk5YTHNNdUd0SVVTR0JGMnVrU3ZKdVZySmNzUmVnanV0bG96cVNPVzhLRHY4RkE3MHE0cDhPbFNXWGl4Z3RUWFdwS3BxSzR3dHR3WUk?oc=5"" target=""_blank"">Falk College Research Team Wins Prestigious Sports Analytics Research Paper Competition</a>&nbsp;&nbsp;<font color=""#6f6f6f"">Syracuse University Today</font>"
google_news,Uribe Part of Winning Falk College Analytics Team - Syracuse University Athletics,https://news.google.com/rss/articles/CBMimwFBVV95cUxOclFYQ0hJcWxNQUY0NFdXdmtJQk5zYkxodGFQRXVzSm1CcmVFUFI3NlRjYzJjcHpXX1k5ZXdSbVVvMENTYWV0SmtUSWZvN3JMLXBWSXJIMnQxckp2U1J2Vlp5TnhIa2d3RnNhR3JZSWFpTjJub0pmOVA1NGdmME5GN0JXcXZjcDAtRU5PSkxuS3dlMTlwS25keWZEOA?oc=5,"""""","Tue, 18 Mar 2025 07:00:00 GMT",0,"<a href=""https://news.google.com/rss/articles/CBMimwFBVV95cUxOclFYQ0hJcWxNQUY0NFdXdmtJQk5zYkxodGFQRXVzSm1CcmVFUFI3NlRjYzJjcHpXX1k5ZXdSbVVvMENTYWV0SmtUSWZvN3JMLXBWSXJIMnQxckp2U1J2Vlp5TnhIa2d3RnNhR3JZSWFpTjJub0pmOVA1NGdmME5GN0JXcXZjcDAtRU5PSkxuS3dlMTlwS25keWZEOA?oc=5"" target=""_blank"">Uribe Part of Winning Falk College Analytics Team</a>&nbsp;&nbsp;<font color=""#6f6f6f"">Syracuse University Athletics</font>"
google_news,"Data Analytics in Sports: Use-Cases, Examples, and Costs - appinventiv.com",https://news.google.com/rss/articles/CBMicEFVX3lxTE9OTXR5aDNMekJrUjFTS0lMMjBhT1hwQk83Tk9UNDdsSFdqaXc3T3VTM3o1Sk9zbndVVUlWTzVnU3haVG5zUlkxNUUtUzhabkwzWEVxaF9zVTY1dlJYT0FhVVh5LWtXallUZWEtX2paeng?oc=5,"""""","Tue, 17 Jun 2025 07:00:00 GMT",0,"<a href=""https://news.google.com/rss/articles/CBMicEFVX3lxTE9OTXR5aDNMekJrUjFTS0lMMjBhT1hwQk83Tk9UNDdsSFdqaXc3T3VTM3o1Sk9zbndVVUlWTzVnU3haVG5zUlkxNUUtUzhabkwzWEVxaF9zVTY1dlJYT0FhVVh5LWtXallUZWEtX2paeng?oc=5"" target=""_blank"">Data Analytics in Sports: Use-Cases, Examples, and Costs</a>&nbsp;&nbsp;<font color=""#6f6f6f"">appinventiv.com</font>"
google_news,Tech focus: AI and data analytics deliver deeper insight into sport - SVG Europe,https://news.google.com/rss/articles/CBMirAFBVV95cUxPaE1mZ2ptOVc0bGVzczRnbUJmTEM2V25QRmR6ay1GMHlRNjNWUkhLa1hlUlpXb0E0RkpsTmdiV3NUUnF2RWFwUHVxSFpxaWNVZmg4Tm9jZFotMm1IMlRDWjBXVVloY0NCdk50cDBsV0FPMm1EWkZfVUktOHh4N0R0Um0yQk5Idy11TDZWTTNQZzBBdUViY1JIdUFpQjNPZThtbzNESmpVaWdqSmZV?oc=5,"""""","Tue, 14 Jan 2025 08:00:00 GMT",0,"<a href=""https://news.google.com/rss/articles/CBMirAFBVV95cUxPaE1mZ2ptOVc0bGVzczRnbUJmTEM2V25QRmR6ay1GMHlRNjNWUkhLa1hlUlpXb0E0RkpsTmdiV3NUUnF2RWFwUHVxSFpxaWNVZmg4Tm9jZFotMm1IMlRDWjBXVVloY0NCdk50cDBsV0FPMm1EWkZfVUktOHh4N0R0Um0yQk5Idy11TDZWTTNQZzBBdUViY1JIdUFpQjNPZThtbzNESmpVaWdqSmZV?oc=5"" target=""_blank"">Tech focus: AI and data analytics deliver deeper insight into sport</a>&nbsp;&nbsp;<font color=""#6f6f6f"">SVG Europe</font>"
google_news,How Sports Analytics Shapes Inter Milan’s Modern Success - SempreInter.com,https://news.google.com/rss/articles/CBMilgFBVV95cUxOZDI3YlhxWHRoRG80QVp4YVlEcGJHMGZVQjJBbEVqSjU3b1NFdjQ0RTFSUnRwSXE2MU9sMDhqd3BrRm1DY2dGcldkRDNGcXJuU2JVTk1rV1V4cVB1X2I5dVludUFtTndnN0hma05UZDlIR2dqUEhiWnJ1WVRnRlN6XzdadU5xVU0ydVNJcWlVeU1DOEI2WHfSAZsBQVVfeXFMTXBkQ3RaeXJCM2JuaTFUS0FodGZFQVU2SGFqTVk0YVQ3QlQxU1lPdUtGYVJza2d6X016LWxZcjhhM1NOelV2Vzh3OS1iSmhXUkhTV2dpdTJEQ0k3eThadG5kVVAwNWJsNnpXOFFmNjVDUTdaclVvODRRRUF5NmFTNUE2d1NoWUxpTTJZR2haZGlrZ01xNVZPSkgzS3M?oc=5,"""""","Tue, 09 Sep 2025 07:00:00 GMT",0,"<a href=""https://news.google.com/rss/articles/CBMilgFBVV95cUxOZDI3YlhxWHRoRG80QVp4YVlEcGJHMGZVQjJBbEVqSjU3b1NFdjQ0RTFSUnRwSXE2MU9sMDhqd3BrRm1DY2dGcldkRDNGcXJuU2JVTk1rV1V4cVB1X2I5dVludUFtTndnN0hma05UZDlIR2dqUEhiWnJ1WVRnRlN6XzdadU5xVU0ydVNJcWlVeU1DOEI2WHfSAZsBQVVfeXFMTXBkQ3RaeXJCM2JuaTFUS0FodGZFQVU2SGFqTVk0YVQ3QlQxU1lPdUtGYVJza2d6X016LWxZcjhhM1NOelV2Vzh3OS1iSmhXUkhTV2dpdTJEQ0k3eThadG5kVVAwNWJsNnpXOFFmNjVDUTdaclVvODRRRUF5NmFTNUE2d1NoWUxpTTJZR2haZGlrZ01xNVZPSkgzS3M?oc=5"" target=""_blank"">How Sports Analytics Shapes Inter Milan’s Modern Success</a>&nbsp;&nbsp;<font color=""#6f6f6f"">SempreInter.com</font>"
google_news,ESA Member Spotlight: dentsu Sports Analytics - European Sponsorship Association,https://news.google.com/rss/articles/CBMie0FVX3lxTE5SWmdMRjJ2RWNScV9QcVhaQWdtUXAtcUFvbzhIamxiQmZmM1JSbVAyT0tTX003ZWVERkhzcm9tb1pNdktpbTNOWFFWLTk5YmswYVpLME0wTnhLSWVGMloySmFkU2FVOEx6d3pkVHp6RTNaMTJfSVdqT0ZXOA?oc=5,"""""","Tue, 09 Sep 2025 07:00:00 GMT",0,"<a href=""https://news.google.com/rss/articles/CBMie0FVX3lxTE5SWmdMRjJ2RWNScV9QcVhaQWdtUXAtcUFvbzhIamxiQmZmM1JSbVAyT0tTX003ZWVERkhzcm9tb1pNdktpbTNOWFFWLTk5YmswYVpLME0wTnhLSWVGMloySmFkU2FVOEx6d3pkVHp6RTNaMTJfSVdqT0ZXOA?oc=5"" target=""_blank"">ESA Member Spotlight: dentsu Sports Analytics</a>&nbsp;&nbsp;<font color=""#6f6f6f"">European Sponsorship Association</font>"
google_news,A Winning Collaboration: How an Internship Program is Connecting Top Data Science Students to UConn Sports Teams - UConn Today,https://news.google.com/rss/articles/CBMi3AFBVV95cUxQcWZ3VHc4WTBEMEtOb0tKRjA3TEZGQ2JRSlhrZmJSNVBkdFBQVy1sUjd1dFZ1VXhIWDBTaWRQeGVzbVZkQVVlRVoxU3RSdldsbnpreHQ3ekRhMmVUSW5odFNsRkgtRDBXNDJTc0piZEhjZ1EwSWw5elFYMlFpdDJnLWtiUGlpRDVCZjA4MFFYa0pZdEpxaFZPV1RCeG1uWk94eG54ZmdZRzdscjU5RHhZTXlBWDRaRVkxRGcwcmVka3JWdm9ObG9tVWZEbEJZdTE4VWh4MGl6aUFkaGh1?oc=5,"""""","Tue, 08 Apr 2025 07:00:00 GMT",0,"<a href=""https://news.google.com/rss/articles/CBMi3AFBVV95cUxQcWZ3VHc4WTBEMEtOb0tKRjA3TEZGQ2JRSlhrZmJSNVBkdFBQVy1sUjd1dFZ1VXhIWDBTaWRQeGVzbVZkQVVlRVoxU3RSdldsbnpreHQ3ekRhMmVUSW5odFNsRkgtRDBXNDJTc0piZEhjZ1EwSWw5elFYMlFpdDJnLWtiUGlpRDVCZjA4MFFYa0pZdEpxaFZPV1RCeG1uWk94eG54ZmdZRzdscjU5RHhZTXlBWDRaRVkxRGcwcmVka3JWdm9ObG9tVWZEbEJZdTE4VWh4MGl6aUFkaGh1?oc=5"" target=""_blank"">A Winning Collaboration: How an Internship Program is Connecting Top Data Science Students to UConn Sports Teams</a>&nbsp;&nbsp;<font color=""#6f6f6f"">UConn Today</font>"
google_news,College basketball can be hard to predict. That didn't stop these student data whizzes from trying - Duke University,https://news.google.com/rss/articles/CBMihgFBVV95cUxQaHRDUTFLZ016di0tS2ZDZUNHQW9LQTdYQjVJcGVsXzNQN1hyRHBGd2Y2dmRqMjMtbmxScGFfNzl4ZHpVcjl2UEMwTHppdjNNR0pVMHRJeTQ3bHlxZVNMaGNicXlvbTlhT1pHRlVxRW9OY2treG92QjY3Y05JVjBfWnNMLTlWdw?oc=5,"""""","Tue, 08 Apr 2025 07:00:00 GMT",0,"<a href=""https://news.google.com/rss/articles/CBMihgFBVV95cUxQaHRDUTFLZ016di0tS2ZDZUNHQW9LQTdYQjVJcGVsXzNQN1hyRHBGd2Y2dmRqMjMtbmxScGFfNzl4ZHpVcjl2UEMwTHppdjNNR0pVMHRJeTQ3bHlxZVNMaGNicXlvbTlhT1pHRlVxRW9OY2treG92QjY3Y05JVjBfWnNMLTlWdw?oc=5"" target=""_blank"">College basketball can be hard to predict. That didn't stop these student data whizzes from trying</a>&nbsp;&nbsp;<font color=""#6f6f6f"">Duke University</font>"
google_news,Sports analytics site lists Bills’ DB as top player at his position for 2024 - Sports Illustrated,https://news.google.com/rss/articles/CBMitwFBVV95cUxQZlZ6UHpVaW1yM0sybnF0TmFPTGtiUEZoQXZDLVZ4TE9VMWx3MWtMeTVOZ1A5VUlrSXdyeE40Z3FGSkNXY3dCS1RyVVZmcDh3SFJiYzRTOFc3RmR6ZEtqTUU1S0I3Vml6Z21NcUw5U05Ibmp5WFVGcTNQazVsQUxLS1ZNYl9LSEI3RXhwMDVVZGFSNk9tNXhaY0JpSTZHZG96c2xONUVqQWI4dnFLWVR3Q2c0ZlhUdGc?oc=5,"""""","Tue, 08 Apr 2025 07:00:00 GMT",0,"<a href=""https://news.google.com/rss/articles/CBMitwFBVV95cUxQZlZ6UHpVaW1yM0sybnF0TmFPTGtiUEZoQXZDLVZ4TE9VMWx3MWtMeTVOZ1A5VUlrSXdyeE40Z3FGSkNXY3dCS1RyVVZmcDh3SFJiYzRTOFc3RmR6ZEtqTUU1S0I3Vml6Z21NcUw5U05Ibmp5WFVGcTNQazVsQUxLS1ZNYl9LSEI3RXhwMDVVZGFSNk9tNXhaY0JpSTZHZG96c2xONUVqQWI4dnFLWVR3Q2c0ZlhUdGc?oc=5"" target=""_blank"">Sports analytics site lists Bills’ DB as top player at his position for 2024</a>&nbsp;&nbsp;<font color=""#6f6f6f"">Sports Illustrated</font>"
google_news,"(PDF) Technological Breakthroughs in Sport: Current Practice and Future Potential of Artificial Intelligence, Virtual Reality, Augmented Reality, and Modern Data Visualization in Performance Analysis - researchgate.net",https://news.google.com/rss/articles/CBMi3AJBVV95cUxOSzJ6dVo3TTlSQUlKalVJOFRjVk9TQzNVM0ZkX2JKejRXZmI2ZGd2Q1ZIOUs3RHIyOXFadDhvNC1iSWptUFV1UTBGOGR1bDc3dTYzMXpPUjZTU1h1bDhMVFNOa0JDck52ZTY0NVlRQy10NDhOd19TUXBJMnh2VjJ0X2ZSamZzSHhmbHlXdHktMDJVaE5Bdl9iVnRha200eDBwaC1lYkhvYW1hUHFlTkhJWWtxUTk2bnBZMGNycFg3YkpZM3k5QmtZempjZE5feE1QclAySk1yWjdtVlBId0dCYWNFN3c0T1FMYTBPM1hHSTlPWWhScFY0RGZYSnJqMWRsX19lckgtSHJpZTJKR0tCSkNtTnhYLWFVdXR4SjdIUFF5OEN5eGFpM2VQMGJhLXFDRGNjU1B6djRlVU5SbVJBc082Z3NTQ0hMX2VYR1ByemdFUnhjRTBKaGRzbHM?oc=5,"""""","Tue, 08 Apr 2025 07:00:00 GMT",0,"<a href=""https://news.google.com/rss/articles/CBMi3AJBVV95cUxOSzJ6dVo3TTlSQUlKalVJOFRjVk9TQzNVM0ZkX2JKejRXZmI2ZGd2Q1ZIOUs3RHIyOXFadDhvNC1iSWptUFV1UTBGOGR1bDc3dTYzMXpPUjZTU1h1bDhMVFNOa0JDck52ZTY0NVlRQy10NDhOd19TUXBJMnh2VjJ0X2ZSamZzSHhmbHlXdHktMDJVaE5Bdl9iVnRha200eDBwaC1lYkhvYW1hUHFlTkhJWWtxUTk2bnBZMGNycFg3YkpZM3k5QmtZempjZE5feE1QclAySk1yWjdtVlBId0dCYWNFN3c0T1FMYTBPM1hHSTlPWWhScFY0RGZYSnJqMWRsX19lckgtSHJpZTJKR0tCSkNtTnhYLWFVdXR4SjdIUFF5OEN5eGFpM2VQMGJhLXFDRGNjU1B6djRlVU5SbVJBc082Z3NTQ0hMX2VYR1ByemdFUnhjRTBKaGRzbHM?oc=5"" target=""_blank"">(PDF) Technological Breakthroughs in Sport: Current Practice and Future Potential of Artificial Intelligence, Virtual Reality, Augmented Reality, and Modern Data Visualization in Performance Analysis</a>&nbsp;&nbsp;<font color=""#6f6f6f"">researchgate.net</font>"
google_news,Analytics transformed sports. Has it also made them less entertaining? - The Washington Post,https://news.google.com/rss/articles/CBMijAFBVV95cUxQU0R4VGdIbWNnak5MenNIWmtDbWZfbjZfVnp5ZzE1Vml6U3NYYWdfbk0wOGNSNm5GRTRMem4tUHZHRzdkYlFXNkhNQTBMMGtmU3hxUXZ0SEYwNUo1WXI3ZGlNX25TTWo3cDlUVjN1R2k2WWpqa19vOWZlVUFqVGxEUnBWMFZMQlpwb2czYw?oc=5,"""""","Tue, 04 Mar 2025 08:00:00 GMT",0,"<a href=""https://news.google.com/rss/articles/CBMijAFBVV95cUxQU0R4VGdIbWNnak5MenNIWmtDbWZfbjZfVnp5ZzE1Vml6U3NYYWdfbk0wOGNSNm5GRTRMem4tUHZHRzdkYlFXNkhNQTBMMGtmU3hxUXZ0SEYwNUo1WXI3ZGlNX25TTWo3cDlUVjN1R2k2WWpqa19vOWZlVUFqVGxEUnBWMFZMQlpwb2czYw?oc=5"" target=""_blank"">Analytics transformed sports. Has it also made them less entertaining?</a>&nbsp;&nbsp;<font color=""#6f6f6f"">The Washington Post</font>"
google_news,The Analytical Advantage - Syracuse University,https://news.google.com/rss/articles/CBMib0FVX3lxTFA3YmVXQW9QNWh5SVJLX2V6OWNmSnVKZjZDUGJhd01zbHNIRDF0Z0dKN21PbzRRU0QzWTF3R3VXel84OU84bGh4SzdFNVZENVZsY0JJdWRNVndBZ2MzTEx2M0drakNQcmxDNjN1TmV0MA?oc=5,"""""","Tue, 04 Mar 2025 08:00:00 GMT",0,"<a href=""https://news.google.com/rss/articles/CBMib0FVX3lxTFA3YmVXQW9QNWh5SVJLX2V6OWNmSnVKZjZDUGJhd01zbHNIRDF0Z0dKN21PbzRRU0QzWTF3R3VXel84OU84bGh4SzdFNVZENVZsY0JJdWRNVndBZ2MzTEx2M0drakNQcmxDNjN1TmV0MA?oc=5"" target=""_blank"">The Analytical Advantage</a>&nbsp;&nbsp;<font color=""#6f6f6f"">Syracuse University</font>"
google_news,Luddy Indianapolis Sports Analytics students tackle NFL Big Data Bowl - News at IU,https://news.google.com/rss/articles/CBMijwFBVV95cUxQMlFEZDdrQ1RJcEhLcTNmUUxjOFQyWi1vOWFmNm8zNVIwbmZwTWhQaC1ESzdRVUN6SDdwbGg1YjU2TmdDYVVoNThhMkgzX0ljU2pHZXk5eTdTUFlGY0NRdjBKeXVGUC1ZVkNpQkFYYUt6eTF3YkhaWnZsX196NkdhbUxCRjUyYkRQbWJGMXRsRQ?oc=5,"""""","Tue, 04 Mar 2025 08:00:00 GMT",0,"<a href=""https://news.google.com/rss/articles/CBMijwFBVV95cUxQMlFEZDdrQ1RJcEhLcTNmUUxjOFQyWi1vOWFmNm8zNVIwbmZwTWhQaC1ESzdRVUN6SDdwbGg1YjU2TmdDYVVoNThhMkgzX0ljU2pHZXk5eTdTUFlGY0NRdjBKeXVGUC1ZVkNpQkFYYUt6eTF3YkhaWnZsX196NkdhbUxCRjUyYkRQbWJGMXRsRQ?oc=5"" target=""_blank"">Luddy Indianapolis Sports Analytics students tackle NFL Big Data Bowl</a>&nbsp;&nbsp;<font color=""#6f6f6f"">News at IU</font>"
google_news,The NBA is facing an analytics-fueled crisis. MLB can relate. - The Washington Post,https://news.google.com/rss/articles/CBMihwFBVV95cUxNM0hMRGVCWi1xOFA2clNnSDdYbERxcHBjM2JLQkwzUEctZkgwSnNwVnZlVEw0dHJGTU1qbXJyUEVWSTBiRzFGR3BuOFN5eE9YNHlhYm9PaVRrYkpHMlp0UkRzeVlPR3Fja3lHZTF2TXd4VjBGbUtCMjhLbFlPM0hJNUVma25WT2s?oc=5,"""""","Tue, 04 Mar 2025 08:00:00 GMT",0,"<a href=""https://news.google.com/rss/articles/CBMihwFBVV95cUxNM0hMRGVCWi1xOFA2clNnSDdYbERxcHBjM2JLQkwzUEctZkgwSnNwVnZlVEw0dHJGTU1qbXJyUEVWSTBiRzFGR3BuOFN5eE9YNHlhYm9PaVRrYkpHMlp0UkRzeVlPR3Fja3lHZTF2TXd4VjBGbUtCMjhLbFlPM0hJNUVma25WT2s?oc=5"" target=""_blank"">The NBA is facing an analytics-fueled crisis. MLB can relate.</a>&nbsp;&nbsp;<font color=""#6f6f6f"">The Washington Post</font>"
google_news,"Sloan conference preview: Rise of college GMs, AI’s impact and are nerds ruining basketball? - The Athletic - The New York Times",https://news.google.com/rss/articles/CBMiswFBVV95cUxQV2JmVWMwVWMxWHFnSS1Wc2pQM0w2endOQmhQbzQ0Vzl2X0VaajZ6WGZzU2Y2aDVWbzEwcGhUUWJTalJZNDhwZWRXRGFxRTFJcjFOTEIwY1dDYU51UWU4TlJpaDJ3eHNFX092bjFYT25fbjZGak1GQ3VJYTN6dDdHVUhEMlhseWE0NWVSMVNQcG9nYmprYmlKMTdydDdDTDJVUmswRlFwR2Zkd0gxQ2pCbFRKdw?oc=5,"""""","Tue, 04 Mar 2025 08:00:00 GMT",0,"<a href=""https://news.google.com/rss/articles/CBMiswFBVV95cUxQV2JmVWMwVWMxWHFnSS1Wc2pQM0w2endOQmhQbzQ0Vzl2X0VaajZ6WGZzU2Y2aDVWbzEwcGhUUWJTalJZNDhwZWRXRGFxRTFJcjFOTEIwY1dDYU51UWU4TlJpaDJ3eHNFX092bjFYT25fbjZGak1GQ3VJYTN6dDdHVUhEMlhseWE0NWVSMVNQcG9nYmprYmlKMTdydDdDTDJVUmswRlFwR2Zkd0gxQ2pCbFRKdw?oc=5"" target=""_blank"">Sloan conference preview: Rise of college GMs, AI’s impact and are nerds ruining basketball? - The Athletic</a>&nbsp;&nbsp;<font color=""#6f6f6f"">The New York Times</font>"
google_news,More Randomness In Chess? MIT Sloan Panel Explores The Future Of The Game - Chess.com,https://news.google.com/rss/articles/CBMihwFBVV95cUxNaWdBWlY2TERsSDZXY0RQT2ZrWnJ4aFFNV2MxUkNyT2ctSU1Oa3RETndJMHVEWjNMMkxOaGZna2xnQlRlSmpBUDJROVZWQUZXWFBYcDFWREFuX04td2xVSE1Hb0k3d2Qzdl9OMTFVTkltcXZRVkg3M1JwYW1QYkZKRTg4R05jRWM?oc=5,"""""","Tue, 01 Apr 2025 07:00:00 GMT",0,"<a href=""https://news.google.com/rss/articles/CBMihwFBVV95cUxNaWdBWlY2TERsSDZXY0RQT2ZrWnJ4aFFNV2MxUkNyT2ctSU1Oa3RETndJMHVEWjNMMkxOaGZna2xnQlRlSmpBUDJROVZWQUZXWFBYcDFWREFuX04td2xVSE1Hb0k3d2Qzdl9OMTFVTkltcXZRVkg3M1JwYW1QYkZKRTg4R05jRWM?oc=5"" target=""_blank"">More Randomness In Chess? MIT Sloan Panel Explores The Future Of The Game</a>&nbsp;&nbsp;<font color=""#6f6f6f"">Chess.com</font>"
google_news,Stanford women’s basketball players teach kids data science through sports - Stanford Report,https://news.google.com/rss/articles/CBMi0gFBVV95cUxNdkxrQTZoQ2ZGVkd1cHNTUHRtS2p2QzBxUXFaQkFpcnBLYk4yTVgxamZrQV92NzNVa3hGcVBUUEVlNVBJRzlBOHZvVHBOdHhsTExfYVlnNkthOTFSVnJPUUJVX1hKRlVfVzdLZkhPVHFaeDFJZnFSOU5fY2dDOG1oSThIVlN1OTBKRTFybkdqaV9yajNMd3k3LW9RWU8zU3RDcDhRYmZieFBfZGhTT3Y4R0t3Z2V4ck9DcUl6Y2ZpNklMOFpRQnNSSGt2TmlMU2NlMnc?oc=5,"""""","Thu, 30 Jan 2025 08:00:00 GMT",0,"<a href=""https://news.google.com/rss/articles/CBMi0gFBVV95cUxNdkxrQTZoQ2ZGVkd1cHNTUHRtS2p2QzBxUXFaQkFpcnBLYk4yTVgxamZrQV92NzNVa3hGcVBUUEVlNVBJRzlBOHZvVHBOdHhsTExfYVlnNkthOTFSVnJPUUJVX1hKRlVfVzdLZkhPVHFaeDFJZnFSOU5fY2dDOG1oSThIVlN1OTBKRTFybkdqaV9yajNMd3k3LW9RWU8zU3RDcDhRYmZieFBfZGhTT3Y4R0t3Z2V4ck9DcUl6Y2ZpNklMOFpRQnNSSGt2TmlMU2NlMnc?oc=5"" target=""_blank"">Stanford women’s basketball players teach kids data science through sports</a>&nbsp;&nbsp;<font color=""#6f6f6f"">Stanford Report</font>"
google_news,AI in sports: Agents and the future of analytics - TechTarget,https://news.google.com/rss/articles/CBMiqgFBVV95cUxQaGZfZGZUanhEcHhPRGJEY3VlRnlLWHFXcmZHN3gxWEVwNTlYemZSOFBHWWU0cnFJcGpHZFJ1RGNPaEFOTTEtZHRJWWQxMEpiYmRudG4wSkE0azJvSFR1YUFmdnkwWDltTEVDMnU2Q01jVFRWMnYwVHQzTkxnZXpTLXBFWUtBc0t2anpkc3FSem1HTG5TY3VKaGs2Qlp5TXJtMjRnUG5qek1Xdw?oc=5,"""""","Thu, 28 Aug 2025 07:00:00 GMT",0,"<a href=""https://news.google.com/rss/articles/CBMiqgFBVV95cUxQaGZfZGZUanhEcHhPRGJEY3VlRnlLWHFXcmZHN3gxWEVwNTlYemZSOFBHWWU0cnFJcGpHZFJ1RGNPaEFOTTEtZHRJWWQxMEpiYmRudG4wSkE0azJvSFR1YUFmdnkwWDltTEVDMnU2Q01jVFRWMnYwVHQzTkxnZXpTLXBFWUtBc0t2anpkc3FSem1HTG5TY3VKaGs2Qlp5TXJtMjRnUG5qek1Xdw?oc=5"" target=""_blank"">AI in sports: Agents and the future of analytics</a>&nbsp;&nbsp;<font color=""#6f6f6f"">TechTarget</font>"
google_news,AI in Sports: Applications and Use Cases - appinventiv.com,https://news.google.com/rss/articles/CBMiVEFVX3lxTFBrZnl6TE9GM1Q0bnVSWURKSGhsaF9VYzF5b1Zjck02Njh6SjZPMnR3WWh1QkE5OGliSWJnS1VIXy01WVFtVkxhNmtCR0Mxd2FocDNhTQ?oc=5,"""""","Thu, 28 Aug 2025 07:00:00 GMT",0,"<a href=""https://news.google.com/rss/articles/CBMiVEFVX3lxTFBrZnl6TE9GM1Q0bnVSWURKSGhsaF9VYzF5b1Zjck02Njh6SjZPMnR3WWh1QkE5OGliSWJnS1VIXy01WVFtVkxhNmtCR0Mxd2FocDNhTQ?oc=5"" target=""_blank"">AI in Sports: Applications and Use Cases</a>&nbsp;&nbsp;<font color=""#6f6f6f"">appinventiv.com</font>"
google_news,"United Football League, Syracuse University Enter Sport Analytics Agreement - Syracuse University Today",https://news.google.com/rss/articles/CBMisgFBVV95cUxObmpuSjZKOXIyQjRZZFhzd1pmNVZkNS1RVzFMekc3akNrZ2V0aHlXbXA1cVpTc1R0elQ1b3VUVkJQUTlBblFCc0ViQWJ3aU1IRUo0ZGpWdl96M2NqRXdJV2tHTHNnMkwxR0p1RzF0ekJuNTVJVXd0Z0xfRTRvSVZYbDdLRHFJNDZzS1JFSnRyVnU5N2JJWl9HcktSVkpEWk02Q3BxLVU3eUd1ak12QlRheXF3?oc=5,"""""","Thu, 27 Mar 2025 07:00:00 GMT",0,"<a href=""https://news.google.com/rss/articles/CBMisgFBVV95cUxObmpuSjZKOXIyQjRZZFhzd1pmNVZkNS1RVzFMekc3akNrZ2V0aHlXbXA1cVpTc1R0elQ1b3VUVkJQUTlBblFCc0ViQWJ3aU1IRUo0ZGpWdl96M2NqRXdJV2tHTHNnMkwxR0p1RzF0ekJuNTVJVXd0Z0xfRTRvSVZYbDdLRHFJNDZzS1JFSnRyVnU5N2JJWl9HcktSVkpEWk02Q3BxLVU3eUd1ak12QlRheXF3?oc=5"" target=""_blank"">United Football League, Syracuse University Enter Sport Analytics Agreement</a>&nbsp;&nbsp;<font color=""#6f6f6f"">Syracuse University Today</font>"
google_news,"Global Sports Analytics Market 2025–2033: Transforming Performance, Strategy, and Fan Engagement with AI and Data - vocal.media",https://news.google.com/rss/articles/CBMi1AFBVV95cUxQWXI5OFcyV0NLMnFYVVBlVEs0Q3MzWE85Wi14NzFaaGFESW1jQmdRLTEwRlFOMnA5SDZZV1hiOE1jT0tjMFpKaVNPdU9xWFJheGE1X3RSaXBzc1JSS0NNNTlYbWdGZHljQUNwSXdlSlZSa3VsMGUyc0FKV1gyUURyYnZhYjJnMFlobnRQZzhyQkxJUlZ1SkFCZENyTDR6b1RROWFHQ0FoOGU3OFVwakZaVUY3VkdwdVd3VFprR2laVVMxdUw1Y25jRTlWeElXRG9PSkdvZQ?oc=5,"""""","Thu, 25 Sep 2025 06:10:54 GMT",0,"<a href=""https://news.google.com/rss/articles/CBMi1AFBVV95cUxQWXI5OFcyV0NLMnFYVVBlVEs0Q3MzWE85Wi14NzFaaGFESW1jQmdRLTEwRlFOMnA5SDZZV1hiOE1jT0tjMFpKaVNPdU9xWFJheGE1X3RSaXBzc1JSS0NNNTlYbWdGZHljQUNwSXdlSlZSa3VsMGUyc0FKV1gyUURyYnZhYjJnMFlobnRQZzhyQkxJUlZ1SkFCZENyTDR6b1RROWFHQ0FoOGU3OFVwakZaVUY3VkdwdVd3VFprR2laVVMxdUw1Y25jRTlWeElXRG9PSkdvZQ?oc=5"" target=""_blank"">Global Sports Analytics Market 2025–2033: Transforming Performance, Strategy, and Fan Engagement with AI and Data</a>&nbsp;&nbsp;<font color=""#6f6f6f"">vocal.media</font>"
google_news,"How a Hollywood movie sparked a career in sports analytics, News - La Trobe University",https://news.google.com/rss/articles/CBMirgFBVV95cUxPd2ZWTWZmU0tBNGtqd2FaR2x6MG9NRjFkTy1mUmM1N05nVkxBZ2lfUjhiNHl3VVdsYU9jZEt4MmpyY3FvT0pOaXpMUDhqNDVpYzhuMzhYQVdkQTJlRFNJdVpfdEpBdFI3eUl3ZmNyQ2VTN1VfOFdIQm15RWFaSkFvNUY1ZndVenlHVk1rb2VvWVhVX21qd2czSVBBNG81NERHcFV4elZWcG1uOUhmSkE?oc=5,"""""","Thu, 24 Jul 2025 08:24:42 GMT",0,"<a href=""https://news.google.com/rss/articles/CBMirgFBVV95cUxPd2ZWTWZmU0tBNGtqd2FaR2x6MG9NRjFkTy1mUmM1N05nVkxBZ2lfUjhiNHl3VVdsYU9jZEt4MmpyY3FvT0pOaXpMUDhqNDVpYzhuMzhYQVdkQTJlRFNJdVpfdEpBdFI3eUl3ZmNyQ2VTN1VfOFdIQm15RWFaSkFvNUY1ZndVenlHVk1rb2VvWVhVX21qd2czSVBBNG81NERHcFV4elZWcG1uOUhmSkE?oc=5"" target=""_blank"">How a Hollywood movie sparked a career in sports analytics, News</a>&nbsp;&nbsp;<font color=""#6f6f6f"">La Trobe University</font>"
google_news,Emory senior shines in the field of sports analytics during the NFL’s Big Data Bowl - Emory University | Atlanta GA,https://news.google.com/rss/articles/CBMigwFBVV95cUxQaFJpNFdVZ3MwZW9zN3lEVEROb2Vsb0Q2SmZMcnhWTnktMVQ1Q1RVak96WHZFS1VRNUFFbDUyR0FvaXUyckpUSklFMlJaQjJIUVBna2lHa1pZQmMtWEJTSWROOTBvaTFCVnB2Rm9yVDYxZUJwUUZWYWdTd3RkWDlBMk5hVQ?oc=5,"""""","Thu, 24 Apr 2025 07:00:00 GMT",0,"<a href=""https://news.google.com/rss/articles/CBMigwFBVV95cUxQaFJpNFdVZ3MwZW9zN3lEVEROb2Vsb0Q2SmZMcnhWTnktMVQ1Q1RVak96WHZFS1VRNUFFbDUyR0FvaXUyckpUSklFMlJaQjJIUVBna2lHa1pZQmMtWEJTSWROOTBvaTFCVnB2Rm9yVDYxZUJwUUZWYWdTd3RkWDlBMk5hVQ?oc=5"" target=""_blank"">Emory senior shines in the field of sports analytics during the NFL’s Big Data Bowl</a>&nbsp;&nbsp;<font color=""#6f6f6f"">Emory University | Atlanta GA</font>"
google_news,"Sports Analytics Market Size, Share, Trends & Growth, 2033 - Market Data Forecast",https://news.google.com/rss/articles/CBMifkFVX3lxTFBLN2ZDRkIyRjZvY3hXanhTM0RPamR6NDViN3lFbEZhUnF5N0pZWlNfNWg4b3BjVVBpRDZpTDJvOWlJYXFUdXFoSHB3T181c0dqV2RPbWVQMUV4NmJjODIyaVBtb09RSEJLWkIyZmNQV19PUlc2ajlOdDc4VGduQQ?oc=5,"""""","Thu, 24 Apr 2025 07:00:00 GMT",0,"<a href=""https://news.google.com/rss/articles/CBMifkFVX3lxTFBLN2ZDRkIyRjZvY3hXanhTM0RPamR6NDViN3lFbEZhUnF5N0pZWlNfNWg4b3BjVVBpRDZpTDJvOWlJYXFUdXFoSHB3T181c0dqV2RPbWVQMUV4NmJjODIyaVBtb09RSEJLWkIyZmNQV19PUlc2ajlOdDc4VGduQQ?oc=5"" target=""_blank"">Sports Analytics Market Size, Share, Trends & Growth, 2033</a>&nbsp;&nbsp;<font color=""#6f6f6f"">Market Data Forecast</font>"
google_news,Steve Weinman - Senior Associate Athletics Director for Analytics/General Manager Basketball - Staff Directory - Wake Forest University Athletics,https://news.google.com/rss/articles/CBMiZEFVX3lxTE8ybFBXTFY2YkVCWDg0bV9yRVo4UV9XVE1xRTFTZjlBamxSUzEyOUNGa19CSGlvcGo5cFM4VHk4bFJuZG9BTjcxZV9WY1VVSFdVOFJrcmd5blF0a1QyR0o4bVdmYU0?oc=5,"""""","Thu, 21 Aug 2025 07:00:00 GMT",0,"<a href=""https://news.google.com/rss/articles/CBMiZEFVX3lxTE8ybFBXTFY2YkVCWDg0bV9yRVo4UV9XVE1xRTFTZjlBamxSUzEyOUNGa19CSGlvcGo5cFM4VHk4bFJuZG9BTjcxZV9WY1VVSFdVOFJrcmd5blF0a1QyR0o4bVdmYU0?oc=5"" target=""_blank"">Steve Weinman - Senior Associate Athletics Director for Analytics/General Manager Basketball - Staff Directory</a>&nbsp;&nbsp;<font color=""#6f6f6f"">Wake Forest University Athletics</font>"
google_news,"Sports Analytics at Charlotte, CO-LAB Opens, Wellbeing Block Party and more - Inside UNC Charlotte",https://news.google.com/rss/articles/CBMitAFBVV95cUxQZVEtXzlUR285b3ZsSHZTRDRwNUNkclVhamNFM0VQQm9wVjc3aWRmaUdmZm5pWDY3Rjdydm1nVkRuM1JvSms5eDZIUUtXcWRSd21yRmlGMk9JSThxM081Tkt4dlExcms3S0JudG5LaG51ZW1BSWw4a0NNXzZVTXo1b2JGR1dmR3N2REFPUXVIaDgtNFZKYy1TYUJUUmpYblNJUF8taDdTUjNqSDItRDJJa0dNb0I?oc=5,"""""","Thu, 20 Mar 2025 07:00:00 GMT",0,"<a href=""https://news.google.com/rss/articles/CBMitAFBVV95cUxQZVEtXzlUR285b3ZsSHZTRDRwNUNkclVhamNFM0VQQm9wVjc3aWRmaUdmZm5pWDY3Rjdydm1nVkRuM1JvSms5eDZIUUtXcWRSd21yRmlGMk9JSThxM081Tkt4dlExcms3S0JudG5LaG51ZW1BSWw4a0NNXzZVTXo1b2JGR1dmR3N2REFPUXVIaDgtNFZKYy1TYUJUUmpYblNJUF8taDdTUjNqSDItRDJJa0dNb0I?oc=5"" target=""_blank"">Sports Analytics at Charlotte, CO-LAB Opens, Wellbeing Block Party and more</a>&nbsp;&nbsp;<font color=""#6f6f6f"">Inside UNC Charlotte</font>"
google_news,Sports Analytics at Purdue turns a love of stats into a community of fans - Purdue Exponent,https://news.google.com/rss/articles/CBMiygFBVV95cUxOMi1lMFdCRkl5eTNGanF2U0xFN082YnRtOHgzblF2ODRWNGFiX2VFUndWaFJqbGFPRnNEdGM4OVFiSmdFMUNKalBlTXN2aTR6bFNMY0I1LWdULS1oTUpMX2twV0dWc3ltY0ZiR2dmcW0yTjdLMlNyYmN4eEpzQzUxOEwyTTFMWW9KbFJyclZacVFrUWJScVV2QWcwRFd4aWFWa09KVHNRVE1fT1lwMlJ0RnppTkRjTG1HVHd3dktqbk9RZl9MYmNhUTVn?oc=5,"""""","Thu, 18 Sep 2025 07:00:00 GMT",0,"<a href=""https://news.google.com/rss/articles/CBMiygFBVV95cUxOMi1lMFdCRkl5eTNGanF2U0xFN082YnRtOHgzblF2ODRWNGFiX2VFUndWaFJqbGFPRnNEdGM4OVFiSmdFMUNKalBlTXN2aTR6bFNMY0I1LWdULS1oTUpMX2twV0dWc3ltY0ZiR2dmcW0yTjdLMlNyYmN4eEpzQzUxOEwyTTFMWW9KbFJyclZacVFrUWJScVV2QWcwRFd4aWFWa09KVHNRVE1fT1lwMlJ0RnppTkRjTG1HVHd3dktqbk9RZl9MYmNhUTVn?oc=5"" target=""_blank"">Sports Analytics at Purdue turns a love of stats into a community of fans</a>&nbsp;&nbsp;<font color=""#6f6f6f"">Purdue Exponent</font>"
google_news,"Tennis Australia taps MKTG, Dentsu Sports Analytics to boost global growth - Sportcal",https://news.google.com/rss/articles/CBMiqwFBVV95cUxQckxXeTExZGt5VklCTlAtNDc2bklvSEhIQ01VUjY1X2wxNXlLSVBsZ2p2UzhfbF9xMjNIQllIcjZRanVHdENKVjVTTjM5TlVWREdESWh2bnlpd2JPc29WVUJaRS1YSnRxaURveFFKeXNpMzdlc2VHLTd2SVZyeTBITXh1dUh5UTNCX0NtSG9kYnFfOEdQTExybzFqXzAxdjJuekVORERhNGhwdWM?oc=5,"""""","Thu, 18 Sep 2025 07:00:00 GMT",0,"<a href=""https://news.google.com/rss/articles/CBMiqwFBVV95cUxQckxXeTExZGt5VklCTlAtNDc2bklvSEhIQ01VUjY1X2wxNXlLSVBsZ2p2UzhfbF9xMjNIQllIcjZRanVHdENKVjVTTjM5TlVWREdESWh2bnlpd2JPc29WVUJaRS1YSnRxaURveFFKeXNpMzdlc2VHLTd2SVZyeTBITXh1dUh5UTNCX0NtSG9kYnFfOEdQTExybzFqXzAxdjJuekVORERhNGhwdWM?oc=5"" target=""_blank"">Tennis Australia taps MKTG, Dentsu Sports Analytics to boost global growth</a>&nbsp;&nbsp;<font color=""#6f6f6f"">Sportcal</font>"
google_news,Zombie runners and bigger bases — bringing order to the chaos of sports - YaleNews,https://news.google.com/rss/articles/CBMilwFBVV95cUxQN3N6LUJsTEVpblhPOHA0bGgwZjZ2ZFBVZDZSaE5oX3JZTzJVeW10R2hEazVqWDMya2hVQTRTMHM3MnVXY3hna1cxY3c1U2s1NXZhTml2UDBkdm12QXpKLVA3cmJoUFNfeVRra0VIMUNmN2xLWmFDUVBRZkpHdVljbkd3S0hzNXhVaG1zVUdxVHp5YldMZ0lR?oc=5,"""""","Thu, 17 Apr 2025 07:00:00 GMT",0,"<a href=""https://news.google.com/rss/articles/CBMilwFBVV95cUxQN3N6LUJsTEVpblhPOHA0bGgwZjZ2ZFBVZDZSaE5oX3JZTzJVeW10R2hEazVqWDMya2hVQTRTMHM3MnVXY3hna1cxY3c1U2s1NXZhTml2UDBkdm12QXpKLVA3cmJoUFNfeVRra0VIMUNmN2xLWmFDUVBRZkpHdVljbkd3S0hzNXhVaG1zVUdxVHp5YldMZ0lR?oc=5"" target=""_blank"">Zombie runners and bigger bases — bringing order to the chaos of sports</a>&nbsp;&nbsp;<font color=""#6f6f6f"">YaleNews</font>"
google_news,"CHHS, SDS partner for new bachelor’s degree in sports analytics - Inside UNC Charlotte",https://news.google.com/rss/articles/CBMipAFBVV95cUxPY0Zzc21mWlcxLXhtNGpfQjY3bHIxNDd0ZUE0cWR3cEdqbjl4TFEtZDZXbkJkTEdsZGRyM2FoYzdiWEVianA0R1pMX1RZeXk5WURHby03V2d5a21WTlJYNV9OdW1GQnJYN3ZyOG1aNTNXRDhETU8zOEFmVUxxejYtb3p2ZERNMDduRDBsckxVck1BT3p4MEdaRlhpdVNPUjlFTGRuRg?oc=5,"""""","Thu, 15 May 2025 07:00:00 GMT",0,"<a href=""https://news.google.com/rss/articles/CBMipAFBVV95cUxPY0Zzc21mWlcxLXhtNGpfQjY3bHIxNDd0ZUE0cWR3cEdqbjl4TFEtZDZXbkJkTEdsZGRyM2FoYzdiWEVianA0R1pMX1RZeXk5WURHby03V2d5a21WTlJYNV9OdW1GQnJYN3ZyOG1aNTNXRDhETU8zOEFmVUxxejYtb3p2ZERNMDduRDBsckxVck1BT3p4MEdaRlhpdVNPUjlFTGRuRg?oc=5"" target=""_blank"">CHHS, SDS partner for new bachelor’s degree in sports analytics</a>&nbsp;&nbsp;<font color=""#6f6f6f"">Inside UNC Charlotte</font>"
google_news,Five ways to succeed in sports analytics - MIT News,https://news.google.com/rss/articles/CBMid0FVX3lxTE1FT3gzTkNPOGRYbmk4M3gyZVhFQmMyUzZYZ3JqRXZWLTRkQVlKbFJ2XzBiakt4WWpiXzY4RUNhU0lsSnF5cVNlOFJXMklQV19HWG1kU3RwcnhiRlpKQUVnRjJ1cjlISXViSjBDZmNPNmZveTRRZU1B?oc=5,"""""","Thu, 13 Mar 2025 07:00:00 GMT",0,"<a href=""https://news.google.com/rss/articles/CBMid0FVX3lxTE1FT3gzTkNPOGRYbmk4M3gyZVhFQmMyUzZYZ3JqRXZWLTRkQVlKbFJ2XzBiakt4WWpiXzY4RUNhU0lsSnF5cVNlOFJXMklQV19HWG1kU3RwcnhiRlpKQUVnRjJ1cjlISXViSjBDZmNPNmZveTRRZU1B?oc=5"" target=""_blank"">Five ways to succeed in sports analytics</a>&nbsp;&nbsp;<font color=""#6f6f6f"">MIT News</font>"
google_news,Ask the expert: What’s the science of bracketology? - Michigan State University,https://news.google.com/rss/articles/CBMijwFBVV95cUxOdElFRVBabXR0eFQwUjFsMWpGc1VpSUhFa2NDV3hrZnktLXdSdHdXMDVjZUtIdUFCamViVG13bzZoOXBmQkR1bkR0TUtfUGFoSmVZY0ZCd2lYTFRXRlVtQzRtN2hhVzBlZ3A3VE1Eb05kaHlpdjJlcGFJQldjR3dRSmtDNkx4UmkzSjAtWEFHbw?oc=5,"""""","Thu, 13 Mar 2025 07:00:00 GMT",0,"<a href=""https://news.google.com/rss/articles/CBMijwFBVV95cUxOdElFRVBabXR0eFQwUjFsMWpGc1VpSUhFa2NDV3hrZnktLXdSdHdXMDVjZUtIdUFCamViVG13bzZoOXBmQkR1bkR0TUtfUGFoSmVZY0ZCd2lYTFRXRlVtQzRtN2hhVzBlZ3A3VE1Eb05kaHlpdjJlcGFJQldjR3dRSmtDNkx4UmkzSjAtWEFHbw?oc=5"" target=""_blank"">Ask the expert: What’s the science of bracketology?</a>&nbsp;&nbsp;<font color=""#6f6f6f"">Michigan State University</font>"
google_news,AI in Sports: Transforming the Game for Players and Fans - Netguru,https://news.google.com/rss/articles/CBMiU0FVX3lxTFBLRnM5UE5UcGFZbXRua05paU15RC1qN29Xa2tRelNIS2ZIMU45c1hzdG91NVhtVmZabkR3TFNuall5VWtldmxIUGhkajdWemc4N1ln?oc=5,"""""","Thu, 11 Sep 2025 07:00:00 GMT",0,"<a href=""https://news.google.com/rss/articles/CBMiU0FVX3lxTFBLRnM5UE5UcGFZbXRua05paU15RC1qN29Xa2tRelNIS2ZIMU45c1hzdG91NVhtVmZabkR3TFNuall5VWtldmxIUGhkajdWemc4N1ln?oc=5"" target=""_blank"">AI in Sports: Transforming the Game for Players and Fans</a>&nbsp;&nbsp;<font color=""#6f6f6f"">Netguru</font>"
google_news,Sports Analysis: How Data is Changing the Game - Russell Street Report,https://news.google.com/rss/articles/CBMipgFBVV95cUxNd0ZtLXkyMVFKeE5QME1CbGVFb1V5RkJMZS0wbTZHN0lVOW9yVWtVZmtMNnJJeE9NYjdZUVpGZDExSTRZdUlJTE1YaWw1Y2tUS052cXNQYUROSnBvMElLMUlpWGF1UlQ0TXA4MkVsa1VRSTNqUkVhU3FobGZwWldMMFh0YXUwS2o2ZWdUTjJ1azlybnlRRC1USmtRcE9kT1hMd3BYNVBn?oc=5,"""""","Thu, 10 Apr 2025 07:00:00 GMT",0,"<a href=""https://news.google.com/rss/articles/CBMipgFBVV95cUxNd0ZtLXkyMVFKeE5QME1CbGVFb1V5RkJMZS0wbTZHN0lVOW9yVWtVZmtMNnJJeE9NYjdZUVpGZDExSTRZdUlJTE1YaWw1Y2tUS052cXNQYUROSnBvMElLMUlpWGF1UlQ0TXA4MkVsa1VRSTNqUkVhU3FobGZwWldMMFh0YXUwS2o2ZWdUTjJ1azlybnlRRC1USmtRcE9kT1hMd3BYNVBn?oc=5"" target=""_blank"">Sports Analysis: How Data is Changing the Game</a>&nbsp;&nbsp;<font color=""#6f6f6f"">Russell Street Report</font>"
google_news,‘Dream come true’: Rice social sciences student earns national recognition in NFL competition - Rice University,https://news.google.com/rss/articles/CBMiuwFBVV95cUxPNlBUX0pseU9MMG1RT2lIbkx3RndlcTJySk8tTVZXbm9KdXgtYk4yczVxUFVob1NldjRNZnZocGNaVVU3ck9vMjBRZnlYMm01bmY1d1p2YXFub2lVaVMwcGlDWk9ZYjdxTWdIcTA5OWhRVF84Q08wMlRVd3hWT3dqeU9BNGFkRk5MQVJ5dU1YNVlIRk4zbWxlWmZFODJDMW9KVEZBZFd0cnN2X0h3UXlSNU0xVS1iUVJNRk8w?oc=5,"""""","Thu, 06 Mar 2025 08:00:00 GMT",0,"<a href=""https://news.google.com/rss/articles/CBMiuwFBVV95cUxPNlBUX0pseU9MMG1RT2lIbkx3RndlcTJySk8tTVZXbm9KdXgtYk4yczVxUFVob1NldjRNZnZocGNaVVU3ck9vMjBRZnlYMm01bmY1d1p2YXFub2lVaVMwcGlDWk9ZYjdxTWdIcTA5OWhRVF84Q08wMlRVd3hWT3dqeU9BNGFkRk5MQVJ5dU1YNVlIRk4zbWxlWmZFODJDMW9KVEZBZFd0cnN2X0h3UXlSNU0xVS1iUVJNRk8w?oc=5"" target=""_blank"">‘Dream come true’: Rice social sciences student earns national recognition in NFL competition</a>&nbsp;&nbsp;<font color=""#6f6f6f"">Rice University</font>"
google_news,Super Bowl teams show analytics gaining ground in NFL - TechTarget,https://news.google.com/rss/articles/CBMiuwFBVV95cUxPVDBBdFF4Z0NrZVhBRWJSVUhiUnVOeDJ1V19zMlNzMlduTTFfLVowTk11YVlGWmEwMXlXQ2JpUEY4VTdvLU1uSWpIelNPQ2ZzVmlrYWJldExjdzEyQ2d0QVZCVW9Wb2d4eEI4eEpPWGI5WVRZM3Z2eDV0ZktYakhURVpNQklPdVROdTNWWGZaMVVVYmNzaHpQczFNc2tZUC01UUNTMkJtRFdOX2lhTGt6V0tRYzRIeWZMbzc4?oc=5,"""""","Thu, 06 Feb 2025 08:00:00 GMT",0,"<a href=""https://news.google.com/rss/articles/CBMiuwFBVV95cUxPVDBBdFF4Z0NrZVhBRWJSVUhiUnVOeDJ1V19zMlNzMlduTTFfLVowTk11YVlGWmEwMXlXQ2JpUEY4VTdvLU1uSWpIelNPQ2ZzVmlrYWJldExjdzEyQ2d0QVZCVW9Wb2d4eEI4eEpPWGI5WVRZM3Z2eDV0ZktYakhURVpNQklPdVROdTNWWGZaMVVVYmNzaHpQczFNc2tZUC01UUNTMkJtRFdOX2lhTGt6V0tRYzRIeWZMbzc4?oc=5"" target=""_blank"">Super Bowl teams show analytics gaining ground in NFL</a>&nbsp;&nbsp;<font color=""#6f6f6f"">TechTarget</font>"
google_news,"Future of Sports Analytics 2025 | AI, Biometrics & Betting Insights - mavensports.io",https://news.google.com/rss/articles/CBMiZkFVX3lxTE53WnhoZHVualJuSVk5U0VOVmxPMHhvUm43S1d4RHpnSmI4OTE5a3VOVVlBWHAxR2ZsSW9LMUtBdEJOdlFYODQtWG5Da3pDYXpPQW1LdlpxVnRMcEpGZFI2UTR1ZmFuQQ?oc=5,"""""","Thu, 04 Sep 2025 11:40:50 GMT",0,"<a href=""https://news.google.com/rss/articles/CBMiZkFVX3lxTE53WnhoZHVualJuSVk5U0VOVmxPMHhvUm43S1d4RHpnSmI4OTE5a3VOVVlBWHAxR2ZsSW9LMUtBdEJOdlFYODQtWG5Da3pDYXpPQW1LdlpxVnRMcEpGZFI2UTR1ZmFuQQ?oc=5"" target=""_blank"">Future of Sports Analytics 2025 | AI, Biometrics & Betting Insights</a>&nbsp;&nbsp;<font color=""#6f6f6f"">mavensports.io</font>"
google_news,How Sports Analytics Give Online Bettors a Smarter Edge - GIS user,https://news.google.com/rss/articles/CBMijAFBVV95cUxOSGdoYXJfcEI1ZWZSOEprejd5dmYxWDZOOXpxSFFPOWcxTzVfeXNuSGFQSDNMcUFVWk1DdW44eGZHdDhXcnlxX2U0eHJLYnhCN3FmOF9qSlVsNUEydXE2TFh1anNvbXNpZC1tRVpuRXlHLUI1TW1TNjJxaFBsdWl0YjNaM3BwTzBXY215eQ?oc=5,"""""","Thu, 02 Oct 2025 09:02:38 GMT",0,"<a href=""https://news.google.com/rss/articles/CBMijAFBVV95cUxOSGdoYXJfcEI1ZWZSOEprejd5dmYxWDZOOXpxSFFPOWcxTzVfeXNuSGFQSDNMcUFVWk1DdW44eGZHdDhXcnlxX2U0eHJLYnhCN3FmOF9qSlVsNUEydXE2TFh1anNvbXNpZC1tRVpuRXlHLUI1TW1TNjJxaFBsdWl0YjNaM3BwTzBXY215eQ?oc=5"" target=""_blank"">How Sports Analytics Give Online Bettors a Smarter Edge</a>&nbsp;&nbsp;<font color=""#6f6f6f"">GIS user</font>"
google_news,"VidSwap Is Now MaxPreps Advantage, Streamlining High School Sports Analytics and Engagement - CBS Sports",https://news.google.com/rss/articles/CBMizwFBVV95cUxNNHN0UGlQYm56RmdRSGNpSTNXdDFBN2c0M250V2V1M1VFQW9yWFM5THZodzdHdFlEUVhONWtuYzJPUkd1aGJKUmxMSHRiNkE4MDZWMzdmaUVRMDNxel9UdXdkTWlDcWJvVG9BbUlqeVRkZG5GSFZTTmwtLTVmRGVnMFNCU0VUZlN4VVYxNlZ5R3JUYURrR3NvNEZfVWhnT1hiNFFTdl9wTy00aWpXYkxfRkdYcmZIUDVyVnJpUkgtQkIzanI1YlV1TlQxUTVpS00?oc=5,"""""","Thu, 01 May 2025 07:00:00 GMT",0,"<a href=""https://news.google.com/rss/articles/CBMizwFBVV95cUxNNHN0UGlQYm56RmdRSGNpSTNXdDFBN2c0M250V2V1M1VFQW9yWFM5THZodzdHdFlEUVhONWtuYzJPUkd1aGJKUmxMSHRiNkE4MDZWMzdmaUVRMDNxel9UdXdkTWlDcWJvVG9BbUlqeVRkZG5GSFZTTmwtLTVmRGVnMFNCU0VUZlN4VVYxNlZ5R3JUYURrR3NvNEZfVWhnT1hiNFFTdl9wTy00aWpXYkxfRkdYcmZIUDVyVnJpUkgtQkIzanI1YlV1TlQxUTVpS00?oc=5"" target=""_blank"">VidSwap Is Now MaxPreps Advantage, Streamlining High School Sports Analytics and Engagement</a>&nbsp;&nbsp;<font color=""#6f6f6f"">CBS Sports</font>"
google_news,Do sports analytics affect footballer pay? - Frontiers,https://news.google.com/rss/articles/CBMinwFBVV95cUxPeUIyZGJJb1htdjdnajVmUFJ5QlFUMnhUTzNWaEJnbW9xeHlOLVpuQW9OOExFVjlMTUEzU1YtYWlLd0Y1UHY4RktZaFdLYUUyN0xPbUJqeHVLaUNMZVJFcVUxV3ZWZVlVandFVDNFUXQ4ZUJMMm1GYy1TMnRfMVpua1MwcExhWm1BYTZlU2g3M2RhNzgwVGpxMVBDLTdwdUE?oc=5,"""""","Sun, 08 Dec 2024 08:00:00 GMT",0,"<a href=""https://news.google.com/rss/articles/CBMinwFBVV95cUxPeUIyZGJJb1htdjdnajVmUFJ5QlFUMnhUTzNWaEJnbW9xeHlOLVpuQW9OOExFVjlMTUEzU1YtYWlLd0Y1UHY4RktZaFdLYUUyN0xPbUJqeHVLaUNMZVJFcVUxV3ZWZVlVandFVDNFUXQ4ZUJMMm1GYy1TMnRfMVpua1MwcExhWm1BYTZlU2g3M2RhNzgwVGpxMVBDLTdwdUE?oc=5"" target=""_blank"">Do sports analytics affect footballer pay?</a>&nbsp;&nbsp;<font color=""#6f6f6f"">Frontiers</font>"
google_news,Skeletal tracking is football analytics’ new chapter – this is why - The Athletic - The New York Times,https://news.google.com/rss/articles/CBMipgFBVV95cUxNbDZZWUoxbUhrUkZ4ZmNJbFBud3ZvMy01bUd3RnpkTDJQOWFnT2RIckZLQjdxVV8xSU5WRHRoNkZGbER4RlB6Tjk0OWktcmFfMzV0MHduZUlEM0JtbTZEVXNKeWk4ampvdW1SdzVwTlpnc1JtR0FyeGVOempVaWJ4d0NEaXZ6Y0RKR3JTUGVqN3VJUGNGdk5uTjZUN2I4dWhjbVhNb2pR?oc=5,"""""","Sat, 20 Sep 2025 07:00:00 GMT",0,"<a href=""https://news.google.com/rss/articles/CBMipgFBVV95cUxNbDZZWUoxbUhrUkZ4ZmNJbFBud3ZvMy01bUd3RnpkTDJQOWFnT2RIckZLQjdxVV8xSU5WRHRoNkZGbER4RlB6Tjk0OWktcmFfMzV0MHduZUlEM0JtbTZEVXNKeWk4ampvdW1SdzVwTlpnc1JtR0FyeGVOempVaWJ4d0NEaXZ6Y0RKR3JTUGVqN3VJUGNGdk5uTjZUN2I4dWhjbVhNb2pR?oc=5"" target=""_blank"">Skeletal tracking is football analytics’ new chapter – this is why - The Athletic</a>&nbsp;&nbsp;<font color=""#6f6f6f"">The New York Times</font>"
google_news,Lay of the Leagues: The sports analytics machine - The Tufts Daily,https://news.google.com/rss/articles/CBMilAFBVV95cUxNZ29qNkE5cmZMclZVYWlROXZZeUtnVkE0TFdoM1FSNTl0N09Xb0JMeDMyWE5UcVZKSEJUZGJrSjg1VGhGWmRyWHVFN1hmOUFtb1JZTHFNeTVHR3lUcW10WWxlcThpTkhYTFNDQlMxTkVfanJSTWJxb3pmenl0cmk2dzFJdzNCUUxZeDUzT2o2VU5UTzVp?oc=5,"""""","Mon, 31 Mar 2025 07:00:00 GMT",0,"<a href=""https://news.google.com/rss/articles/CBMilAFBVV95cUxNZ29qNkE5cmZMclZVYWlROXZZeUtnVkE0TFdoM1FSNTl0N09Xb0JMeDMyWE5UcVZKSEJUZGJrSjg1VGhGWmRyWHVFN1hmOUFtb1JZTHFNeTVHR3lUcW10WWxlcThpTkhYTFNDQlMxTkVfanJSTWJxb3pmenl0cmk2dzFJdzNCUUxZeDUzT2o2VU5UTzVp?oc=5"" target=""_blank"">Lay of the Leagues: The sports analytics machine</a>&nbsp;&nbsp;<font color=""#6f6f6f"">The Tufts Daily</font>"
google_news,Utah State’s Sports Analytics Club bridges data and athletics - The Utah Statesman,https://news.google.com/rss/articles/CBMijwFBVV95cUxPMHc0UXp0d3VIYjJCUERkVm40bndYbkhRemRDRlVCSzkxSUhxUFdPWFRyMDFiSldaNVJjYk1YR0l1QzJGYmxVT2x6RndjWkdVR1NWdl9FYUMzcnB5eUlVX0NRcWNDcXFiVDRsTHBzcHN1NGo3dGhIUnI0WnFaS3NTaGNob1lFaWRVVkg5dUpUWQ?oc=5,"""""","Mon, 29 Sep 2025 12:48:55 GMT",0,"<a href=""https://news.google.com/rss/articles/CBMijwFBVV95cUxPMHc0UXp0d3VIYjJCUERkVm40bndYbkhRemRDRlVCSzkxSUhxUFdPWFRyMDFiSldaNVJjYk1YR0l1QzJGYmxVT2x6RndjWkdVR1NWdl9FYUMzcnB5eUlVX0NRcWNDcXFiVDRsTHBzcHN1NGo3dGhIUnI0WnFaS3NTaGNob1lFaWRVVkg5dUpUWQ?oc=5"" target=""_blank"">Utah State’s Sports Analytics Club bridges data and athletics</a>&nbsp;&nbsp;<font color=""#6f6f6f"">The Utah Statesman</font>"
google_news,Fairfax Co. high schoolers use sports to teach students data analytics tools - WTOP,https://news.google.com/rss/articles/CBMiugFBVV95cUxOczE1YnJGTzZ0eGpheU1TYklpWnhXRVhNSVdMMlg0TjBIckFHYlBXZXY1MTVHaC1lNXV0MTR3Zy1yRk1hZF9GcEZxN2xWZ2ZxV20zUUhYZmdsMXhSLUNjYzJ2aUxEN05GcXk4QnZtYmNvTnc2cXhoal83d2k4cXBkNlNEc3FzQThIdF9UT01qM0Fvbl9zdk9ETDVzQmROdVp1bXNYWGpYSFZfNzJfVW1ZdmtXcG1KbDNnV3c?oc=5,"""""","Mon, 27 Jan 2025 08:00:00 GMT",0,"<a href=""https://news.google.com/rss/articles/CBMiugFBVV95cUxOczE1YnJGTzZ0eGpheU1TYklpWnhXRVhNSVdMMlg0TjBIckFHYlBXZXY1MTVHaC1lNXV0MTR3Zy1yRk1hZF9GcEZxN2xWZ2ZxV20zUUhYZmdsMXhSLUNjYzJ2aUxEN05GcXk4QnZtYmNvTnc2cXhoal83d2k4cXBkNlNEc3FzQThIdF9UT01qM0Fvbl9zdk9ETDVzQmROdVp1bXNYWGpYSFZfNzJfVW1ZdmtXcG1KbDNnV3c?oc=5"" target=""_blank"">Fairfax Co. high schoolers use sports to teach students data analytics tools</a>&nbsp;&nbsp;<font color=""#6f6f6f"">WTOP</font>"
google_news,UNC Charlotte to offer sports analytics degree starting this fall: What to know - WBTV,https://news.google.com/rss/articles/CBMiqAFBVV95cUxQMkRDbVVuYUpkbUQxV29KWUdsQjk3NE1VZkNjYUFfS2tpX3RkbEtPSVZwT04tR2FkbjNuN3FJRDFxTlR2blNoajV1R3lwQXI3dHYxNzBVOXRfVkFOeExoQWRJT1BWb25jTlVQR3hJRzA5R2NXcENDREd0TUtzNzBrcVlZVXladDI4SnpWeHUxRnNSS2hjeWN4NVpYQUo1eWpzbUo5U1NzQlI?oc=5,"""""","Mon, 26 May 2025 07:00:00 GMT",0,"<a href=""https://news.google.com/rss/articles/CBMiqAFBVV95cUxQMkRDbVVuYUpkbUQxV29KWUdsQjk3NE1VZkNjYUFfS2tpX3RkbEtPSVZwT04tR2FkbjNuN3FJRDFxTlR2blNoajV1R3lwQXI3dHYxNzBVOXRfVkFOeExoQWRJT1BWb25jTlVQR3hJRzA5R2NXcENDREd0TUtzNzBrcVlZVXladDI4SnpWeHUxRnNSS2hjeWN4NVpYQUo1eWpzbUo5U1NzQlI?oc=5"" target=""_blank"">UNC Charlotte to offer sports analytics degree starting this fall: What to know</a>&nbsp;&nbsp;<font color=""#6f6f6f"">WBTV</font>"
google_news,Beyond the Game: Students delve into the future of sports analytics at conference - Centre College,https://news.google.com/rss/articles/CBMikwFBVV95cUxNSU9iWWo1YjktX3lUN1JWem02OW9CWXJzUXdKTnl2VDNEN1BPUUN5Y2tZWXFvbDk1U1NselF4UG9XdjFBOUc4RXJkbzJzb2dROFhwWU1abU5sNTY2Ul9SQ1VBdTVVNGVjZDhXWUxZZGJSMUdZOFZtcFlFR2JOVnpwQ21SSXhWQmNHb1MyajlES09UVXc?oc=5,"""""","Mon, 25 Nov 2024 08:00:00 GMT",0,"<a href=""https://news.google.com/rss/articles/CBMikwFBVV95cUxNSU9iWWo1YjktX3lUN1JWem02OW9CWXJzUXdKTnl2VDNEN1BPUUN5Y2tZWXFvbDk1U1NselF4UG9XdjFBOUc4RXJkbzJzb2dROFhwWU1abU5sNTY2Ul9SQ1VBdTVVNGVjZDhXWUxZZGJSMUdZOFZtcFlFR2JOVnpwQ21SSXhWQmNHb1MyajlES09UVXc?oc=5"" target=""_blank"">Beyond the Game: Students delve into the future of sports analytics at conference</a>&nbsp;&nbsp;<font color=""#6f6f6f"">Centre College</font>"
google_news,NB Firm: Purchase Points to Sports Analytics’ Future - Orange County Business Journal,https://news.google.com/rss/articles/CBMijAFBVV95cUxQR082VXQxckZlUl9YMjZnaVZHVVpiaGNFLVZ1WndNdjU4ZHJZZ1hfTUZESFR5a1hjUk1qbVpQZ1pJdVVOdDFhX052YTRBXzVpNWpEWlZ0QlRyZkd4NjVhVF84T0c0MmJqQmdya05nMVQzd3RXWGczcGZmQzVYRmdZRVdObHo1YUF1VDVzSw?oc=5,"""""","Mon, 24 Mar 2025 07:00:00 GMT",0,"<a href=""https://news.google.com/rss/articles/CBMijAFBVV95cUxQR082VXQxckZlUl9YMjZnaVZHVVpiaGNFLVZ1WndNdjU4ZHJZZ1hfTUZESFR5a1hjUk1qbVpQZ1pJdVVOdDFhX052YTRBXzVpNWpEWlZ0QlRyZkd4NjVhVF84T0c0MmJqQmdya05nMVQzd3RXWGczcGZmQzVYRmdZRVdObHo1YUF1VDVzSw?oc=5"" target=""_blank"">NB Firm: Purchase Points to Sports Analytics’ Future</a>&nbsp;&nbsp;<font color=""#6f6f6f"">Orange County Business Journal</font>"
google_news,Translating Performance Into Value: A New Way of Measuring Athletic Prowess - SAP News Center,https://news.google.com/rss/articles/CBMidkFVX3lxTE1EaWZ4QnZsM1FsR3JsOVh4YXdBdm5WSnVQeER3enluWF9XMWMxUDBPQkFOVC16dkNEY2pqQTJtOUF2Z1BWR0xOcjBrZ095dHNkRTlKZmw4Q1JyVnplUlFEa1QtdW04aWNqOWxZSFpRQWdMbm5KcGc?oc=5,"""""","Mon, 20 Jan 2025 08:00:00 GMT",0,"<a href=""https://news.google.com/rss/articles/CBMidkFVX3lxTE1EaWZ4QnZsM1FsR3JsOVh4YXdBdm5WSnVQeER3enluWF9XMWMxUDBPQkFOVC16dkNEY2pqQTJtOUF2Z1BWR0xOcjBrZ095dHNkRTlKZmw4Q1JyVnplUlFEa1QtdW04aWNqOWxZSFpRQWdMbm5KcGc?oc=5"" target=""_blank"">Translating Performance Into Value: A New Way of Measuring Athletic Prowess</a>&nbsp;&nbsp;<font color=""#6f6f6f"">SAP News Center</font>"
google_news,"Motorsports at Charlotte, Sports Analytics B.S. Coming in Fall and more - Inside UNC Charlotte",https://news.google.com/rss/articles/CBMirwFBVV95cUxOVWdObzJCOEdpN1lEWC1fbFdFYUtSY2lBcEt6a1NFSkwzVk9xNGU0ZXRFcHQtZ3B3emdsYnNqNHBuX3I3d0lUNTJzQ0MxRzVEb1ViM1VXalJTS3k1RHJKUkNFeW9pOHV3dFpweldTQTE2NjZTMFFheF9SZEtJVTFXVDFkVmNUb1hhcFdWeXQ2N3Z0Q0pyUS1hN2MzM0lKalhCbUpBSHluRVY5TlFWa3BB?oc=5,"""""","Mon, 19 May 2025 07:00:00 GMT",0,"<a href=""https://news.google.com/rss/articles/CBMirwFBVV95cUxOVWdObzJCOEdpN1lEWC1fbFdFYUtSY2lBcEt6a1NFSkwzVk9xNGU0ZXRFcHQtZ3B3emdsYnNqNHBuX3I3d0lUNTJzQ0MxRzVEb1ViM1VXalJTS3k1RHJKUkNFeW9pOHV3dFpweldTQTE2NjZTMFFheF9SZEtJVTFXVDFkVmNUb1hhcFdWeXQ2N3Z0Q0pyUS1hN2MzM0lKalhCbUpBSHluRVY5TlFWa3BB?oc=5"" target=""_blank"">Motorsports at Charlotte, Sports Analytics B.S. Coming in Fall and more</a>&nbsp;&nbsp;<font color=""#6f6f6f"">Inside UNC Charlotte</font>"
google_news,"Sports Analytics Market Surges to $4.75 billion by 2030 - Dominated by IBM (US), SAS Institute (US), SAP (Germany) - Yahoo Finance",https://news.google.com/rss/articles/CBMihAFBVV95cUxNZDQ3WnpORllrWFZjbklTbl9XeFhuVHdhMXhSZXNOZkpSWERMYWRTZTFsYl9TMUtQdGdPQURkR0xka3Z0NWZxb0ZmZkx4Rktrb0plUHNWWVlRdEIyNGhxdW9XeV9XbG1JeTNPd2JXRmUyeFR4WjQtUkdKcmtNRmV1enRQQTU?oc=5,"""""","Mon, 18 Aug 2025 07:00:00 GMT",0,"<a href=""https://news.google.com/rss/articles/CBMihAFBVV95cUxNZDQ3WnpORllrWFZjbklTbl9XeFhuVHdhMXhSZXNOZkpSWERMYWRTZTFsYl9TMUtQdGdPQURkR0xka3Z0NWZxb0ZmZkx4Rktrb0plUHNWWVlRdEIyNGhxdW9XeV9XbG1JeTNPd2JXRmUyeFR4WjQtUkdKcmtNRmV1enRQQTU?oc=5"" target=""_blank"">Sports Analytics Market Surges to $4.75 billion by 2030 - Dominated by IBM (US), SAS Institute (US), SAP (Germany)</a>&nbsp;&nbsp;<font color=""#6f6f6f"">Yahoo Finance</font>"
google_news,"Big data, big wins: how solar astrophysics can be a ‘game-changer’ in sports analytics - Physics World",https://news.google.com/rss/articles/CBMirwFBVV95cUxNQUxndTB5cTk5eS03TlNUNzNJTjlqOXRhVnVBcmItYzJ0bkRqZlpITmNVR0RxNmctSXlSdXBVWkFkY1lwTlhXcDRSR2l4MEZWYW1YaFp2ZklIYlVfaG1fWWdWeTVvMkpLaTRMbDctUGE3eVJITk9sTkhrQnA4VUF4TEdMWEtTbmhKbG1veWF0cnhNS3dFeGF5M1FsT1dSN01ZX3hRdHFSaWdweDNQV2Iw?oc=5,"""""","Mon, 18 Aug 2025 07:00:00 GMT",0,"<a href=""https://news.google.com/rss/articles/CBMirwFBVV95cUxNQUxndTB5cTk5eS03TlNUNzNJTjlqOXRhVnVBcmItYzJ0bkRqZlpITmNVR0RxNmctSXlSdXBVWkFkY1lwTlhXcDRSR2l4MEZWYW1YaFp2ZklIYlVfaG1fWWdWeTVvMkpLaTRMbDctUGE3eVJITk9sTkhrQnA4VUF4TEdMWEtTbmhKbG1veWF0cnhNS3dFeGF5M1FsT1dSN01ZX3hRdHFSaWdweDNQV2Iw?oc=5"" target=""_blank"">Big data, big wins: how solar astrophysics can be a ‘game-changer’ in sports analytics</a>&nbsp;&nbsp;<font color=""#6f6f6f"">Physics World</font>"
google_news,UNC Charlotte becomes the fifth school in U.S. to offer a Bachelor of Science degree in sports analytics - Niner Times,https://news.google.com/rss/articles/CBMi7wFBVV95cUxONnZxT3QtTW9fWHRmeU4tM3ZLUnNockE0cHFXTW04YjRVT0o3cEFyRV9nM05qeS0yWVpjQ3F5X18zRzUyZmdMbm5razlhNEZ0WWxTTFJ4NnBMOVJ1TTcwVWcyd3RuTFFMcVYzLWYxV29DUUZSdzVOaXNEb0ZSRWNGUWIwQUxjc3NQbTRhWjB4SlRidzR5dlk1dmh1TTY4aDEzc2VhcTBVNVJqekQyc01MTzFXdHNhd3BmUF9QZkFEQk5KUFN1Q0FDNm56dTRMamxhTVpsWENDblJqMG1fcF9VN1JOQkJpS1cxQ1hqaThkMA?oc=5,"""""","Mon, 16 Jun 2025 07:00:00 GMT",0,"<a href=""https://news.google.com/rss/articles/CBMi7wFBVV95cUxONnZxT3QtTW9fWHRmeU4tM3ZLUnNockE0cHFXTW04YjRVT0o3cEFyRV9nM05qeS0yWVpjQ3F5X18zRzUyZmdMbm5razlhNEZ0WWxTTFJ4NnBMOVJ1TTcwVWcyd3RuTFFMcVYzLWYxV29DUUZSdzVOaXNEb0ZSRWNGUWIwQUxjc3NQbTRhWjB4SlRidzR5dlk1dmh1TTY4aDEzc2VhcTBVNVJqekQyc01MTzFXdHNhd3BmUF9QZkFEQk5KUFN1Q0FDNm56dTRMamxhTVpsWENDblJqMG1fcF9VN1JOQkJpS1cxQ1hqaThkMA?oc=5"" target=""_blank"">UNC Charlotte becomes the fifth school in U.S. to offer a Bachelor of Science degree in sports analytics</a>&nbsp;&nbsp;<font color=""#6f6f6f"">Niner Times</font>"
google_news,"Dentsu Sports and Entertainment Expands With New Leaders, Analytics, and Anime - ADWEEK",https://news.google.com/rss/articles/CBMilwFBVV95cUxQRnFpRWtkMllta3d6WnRWZjRSTTczdmJFLThyTEVoSV9HVjkzeUR2QkMydTR5cDc5N0FOSDM4VFRPUHhhSGJEMmhzNktXNGd4UGdtVVEwT0hVczZ1T2lZNU9TanlNbkc3ZWxNWDYxMHFlRjljcm9PQTlPelB0OHQ1OVlHV2FsLTNScGlQenVldzhUa2RrbzhN?oc=5,"""""","Mon, 16 Jun 2025 07:00:00 GMT",0,"<a href=""https://news.google.com/rss/articles/CBMilwFBVV95cUxQRnFpRWtkMllta3d6WnRWZjRSTTczdmJFLThyTEVoSV9HVjkzeUR2QkMydTR5cDc5N0FOSDM4VFRPUHhhSGJEMmhzNktXNGd4UGdtVVEwT0hVczZ1T2lZNU9TanlNbkc3ZWxNWDYxMHFlRjljcm9PQTlPelB0OHQ1OVlHV2FsLTNScGlQenVldzhUa2RrbzhN?oc=5"" target=""_blank"">Dentsu Sports and Entertainment Expands With New Leaders, Analytics, and Anime</a>&nbsp;&nbsp;<font color=""#6f6f6f"">ADWEEK</font>"
google_news,Great Valley students’ sports analytics research poster wins second place - Penn State University,https://news.google.com/rss/articles/CBMitwFBVV95cUxPdVJ0RTZnTWYxR2FaX2p4MXdRMEZwR2hTX3B3Z2phSHlQODk1ZTNsaXItNV9SU0FqSlFSbDVjYjRNT2JEWHJYVDRfVWZlZ2IxSW1oazZMcDJtb3plM3BaYUVkVkNHekJ5S3RMQU1KNTZlYmx4WEVFdmFEZTdyR3VMa2ZOY2FoSEVjSmFnSV9LMDNTWFNTN0puOFpacXBpX1RRcldDX2syV1BsLUpTa3NyTnlZWFJoUXM?oc=5,"""""","Mon, 11 Nov 2024 08:00:00 GMT",0,"<a href=""https://news.google.com/rss/articles/CBMitwFBVV95cUxPdVJ0RTZnTWYxR2FaX2p4MXdRMEZwR2hTX3B3Z2phSHlQODk1ZTNsaXItNV9SU0FqSlFSbDVjYjRNT2JEWHJYVDRfVWZlZ2IxSW1oazZMcDJtb3plM3BaYUVkVkNHekJ5S3RMQU1KNTZlYmx4WEVFdmFEZTdyR3VMa2ZOY2FoSEVjSmFnSV9LMDNTWFNTN0puOFpacXBpX1RRcldDX2syV1BsLUpTa3NyTnlZWFJoUXM?oc=5"" target=""_blank"">Great Valley students’ sports analytics research poster wins second place</a>&nbsp;&nbsp;<font color=""#6f6f6f"">Penn State University</font>"
google_news,"Sports Analytics Market is expected to generate a revenue of USD 8.23 Billion by 2031, Globally, at 30.70% CAGR: Verified Market Research® - Yahoo Finance",https://news.google.com/rss/articles/CBMikAFBVV95cUxPY0NLZzlGbUQwVExfSWthWkNkYUZTTVhUNXZXWkQwUDk1UGpoZ0lmY2tiTDlYYlZ6ZHZyQ3B0MkVHcHVEampveERRWjBwUUx1ZUdxR2FQaUtyVzBzWVZST3Z4VlV5cGZaWUwwdkNiWC12cnU3R1VMRDM4UHZTb1RpRXpqVXY4MmxxN0dPV1d2ZGU?oc=5,"""""","Mon, 11 Aug 2025 07:00:00 GMT",0,"<a href=""https://news.google.com/rss/articles/CBMikAFBVV95cUxPY0NLZzlGbUQwVExfSWthWkNkYUZTTVhUNXZXWkQwUDk1UGpoZ0lmY2tiTDlYYlZ6ZHZyQ3B0MkVHcHVEampveERRWjBwUUx1ZUdxR2FQaUtyVzBzWVZST3Z4VlV5cGZaWUwwdkNiWC12cnU3R1VMRDM4UHZTb1RpRXpqVXY4MmxxN0dPV1d2ZGU?oc=5"" target=""_blank"">Sports Analytics Market is expected to generate a revenue of USD 8.23 Billion by 2031, Globally, at 30.70% CAGR: Verified Market Research®</a>&nbsp;&nbsp;<font color=""#6f6f6f"">Yahoo Finance</font>"
google_news,Students flex data skills at sports analytics competition - Brandeis University,https://news.google.com/rss/articles/CBMihgFBVV95cUxNcE1zUVg5NUxwbXQ0T2p0dUpvSGY0ajgxLVlhSUhoU0pZcHdMeXRHV3ZuT0g2bUJ1dE5hem9nTVRKVWhrX2E0QTdTVEotdkZVQW82endfZ29xWkttZlZoal9Fd1o1UXY3UFRuVmFsY0UxN05HektHbFFVYWRLd1pieHRxdUl0dw?oc=5,"""""","Mon, 05 May 2025 15:47:52 GMT",0,"<a href=""https://news.google.com/rss/articles/CBMihgFBVV95cUxNcE1zUVg5NUxwbXQ0T2p0dUpvSGY0ajgxLVlhSUhoU0pZcHdMeXRHV3ZuT0g2bUJ1dE5hem9nTVRKVWhrX2E0QTdTVEotdkZVQW82endfZ29xWkttZlZoal9Fd1o1UXY3UFRuVmFsY0UxN05HektHbFFVYWRLd1pieHRxdUl0dw?oc=5"" target=""_blank"">Students flex data skills at sports analytics competition</a>&nbsp;&nbsp;<font color=""#6f6f6f"">Brandeis University</font>"
google_news,Carnegie Mellon Launches Sports Analytics Center - Carnegie Mellon University,https://news.google.com/rss/articles/CBMipwFBVV95cUxOOHY3a0JNZW53Qjl5a3JWLW1sQ2s2S0RDUi1EUmMwcFl1NjM5aEVGNHJCX0ZGV1VrbjJUTWZBbGVOdy12YlJweTlYZnozSkJld0RFZnZHd29kV2R6RkxsXzVhZEJKbnpaYWZWVU1KZVZMQThXX2dPQnZLNjVVUi10dHBuVTJBMm5UY3BrcXdOZk1WQWJVaUZMQndrR0g3MVhwM2ducDlBZw?oc=5,"""""","Mon, 04 Nov 2024 08:00:00 GMT",0,"<a href=""https://news.google.com/rss/articles/CBMipwFBVV95cUxOOHY3a0JNZW53Qjl5a3JWLW1sQ2s2S0RDUi1EUmMwcFl1NjM5aEVGNHJCX0ZGV1VrbjJUTWZBbGVOdy12YlJweTlYZnozSkJld0RFZnZHd29kV2R6RkxsXzVhZEJKbnpaYWZWVU1KZVZMQThXX2dPQnZLNjVVUi10dHBuVTJBMm5UY3BrcXdOZk1WQWJVaUZMQndrR0g3MVhwM2ducDlBZw?oc=5"" target=""_blank"">Carnegie Mellon Launches Sports Analytics Center</a>&nbsp;&nbsp;<font color=""#6f6f6f"">Carnegie Mellon University</font>"
google_news,ATU Business Students Top 9 in National Competition - arkansastechnews.com,https://news.google.com/rss/articles/CBMijgFBVV95cUxPVW5xLWlYUWFTNFFxLWpHUUtvajZrelN3MXc4ajhJM3JPeUJ6aDhVT3ZFc1ZrZXYxeVh4dTFCdlVfVVMtVjh6cmdiWjlEYlljQnVoZHJaamRzbHdQSTBncUlpb000T1dQbTRuNDhDOUl3emxlSG5sVktFZ0V5MUlyaVZRN1o1WFFuWWpWVG9R?oc=5,"""""","Mon, 03 Mar 2025 08:00:00 GMT",0,"<a href=""https://news.google.com/rss/articles/CBMijgFBVV95cUxPVW5xLWlYUWFTNFFxLWpHUUtvajZrelN3MXc4ajhJM3JPeUJ6aDhVT3ZFc1ZrZXYxeVh4dTFCdlVfVVMtVjh6cmdiWjlEYlljQnVoZHJaamRzbHdQSTBncUlpb000T1dQbTRuNDhDOUl3emxlSG5sVktFZ0V5MUlyaVZRN1o1WFFuWWpWVG9R?oc=5"" target=""_blank"">ATU Business Students Top 9 in National Competition</a>&nbsp;&nbsp;<font color=""#6f6f6f"">arkansastechnews.com</font>"
google_news,New undergraduate major: Sports performance analytics - University of Delaware,https://news.google.com/rss/articles/CBMitgFBVV95cUxOZjJBRmY2MkVZM1N5Vm1jWnk4eklPaDE5ZXZqMHNoTTdLVC1NMEhyTE1qR3JCLXlIWlkwbm1NMVdTNW10enIxQzd1SnRzTVdyWlVCRWsxTFBrZ0NuQUZFYjV1VWJvLWYwTTBKNUR3Q2xxNFRnSVFkekRqa1ZvMUxveXZYNFFRZ0FwOV9PbEdrVGhlaXNlOFhWV2gwWWYtUVRiaVdfUHpXVU1fYlYtQ1JZZXc4TXdJQQ?oc=5,"""""","Fri, 29 Aug 2025 07:00:00 GMT",0,"<a href=""https://news.google.com/rss/articles/CBMitgFBVV95cUxOZjJBRmY2MkVZM1N5Vm1jWnk4eklPaDE5ZXZqMHNoTTdLVC1NMEhyTE1qR3JCLXlIWlkwbm1NMVdTNW10enIxQzd1SnRzTVdyWlVCRWsxTFBrZ0NuQUZFYjV1VWJvLWYwTTBKNUR3Q2xxNFRnSVFkekRqa1ZvMUxveXZYNFFRZ0FwOV9PbEdrVGhlaXNlOFhWV2gwWWYtUVRiaVdfUHpXVU1fYlYtQ1JZZXc4TXdJQQ?oc=5"" target=""_blank"">New undergraduate major: Sports performance analytics</a>&nbsp;&nbsp;<font color=""#6f6f6f"">University of Delaware</font>"
google_news,"Sports Analytics Market Trends, Competition, Case Studies and Growth Outlook (2025-2030) Featuring IBM, SAP, SAS Institute, HCLTech, and Zebra Technologies Among Others - Yahoo Finance",https://news.google.com/rss/articles/CBMikgFBVV95cUxOZTltYWpDUmJRQTMteW9DU3JNMFNCLU1FR3JKOExfZ1ZDdDNab3NkM01XbE5FR1UzQWZFazZ0LU9fUUdOMzh6ME85cXNOakluZThTMTN0WnhyZFFrWi1VcFg2dTE4ZVN0VFo3cURfRmV3U0VnS3RsbFpOd19qT290T1lXLV9tMFdxMVllZWRqSXhjUQ?oc=5,"""""","Fri, 29 Aug 2025 07:00:00 GMT",0,"<a href=""https://news.google.com/rss/articles/CBMikgFBVV95cUxOZTltYWpDUmJRQTMteW9DU3JNMFNCLU1FR3JKOExfZ1ZDdDNab3NkM01XbE5FR1UzQWZFazZ0LU9fUUdOMzh6ME85cXNOakluZThTMTN0WnhyZFFrWi1VcFg2dTE4ZVN0VFo3cURfRmV3U0VnS3RsbFpOd19qT290T1lXLV9tMFdxMVllZWRqSXhjUQ?oc=5"" target=""_blank"">Sports Analytics Market Trends, Competition, Case Studies and Growth Outlook (2025-2030) Featuring IBM, SAP, SAS Institute, HCLTech, and Zebra Technologies Among Others</a>&nbsp;&nbsp;<font color=""#6f6f6f"">Yahoo Finance</font>"
google_news,From stats to slapshots: Blue Jackets announce hockey analytics conference | Columbus Blue Jackets - NHL.com,https://news.google.com/rss/articles/CBMiigFBVV95cUxNbVppZzVMVTlkRTNrMWp5X0c3MDhzOF9ta1hxdWU1bTRMOG5ManhFUE1FYTk3TGRscGJXYVhLdkdPdkl0UnlMbVkyVXpoa0FTd3BCUXJ4Zzd1ZGoxRC1EYWdyQW5pYUoxNGtTNHFBQjQxT09QOFVqbGdFbE1xZVJRLUp2b0lpaEZNZ0E?oc=5,"""""","Fri, 28 Mar 2025 07:00:00 GMT",0,"<a href=""https://news.google.com/rss/articles/CBMiigFBVV95cUxNbVppZzVMVTlkRTNrMWp5X0c3MDhzOF9ta1hxdWU1bTRMOG5ManhFUE1FYTk3TGRscGJXYVhLdkdPdkl0UnlMbVkyVXpoa0FTd3BCUXJ4Zzd1ZGoxRC1EYWdyQW5pYUoxNGtTNHFBQjQxT09QOFVqbGdFbE1xZVJRLUp2b0lpaEZNZ0E?oc=5"" target=""_blank"">From stats to slapshots: Blue Jackets announce hockey analytics conference | Columbus Blue Jackets</a>&nbsp;&nbsp;<font color=""#6f6f6f"">NHL.com</font>"
google_news,ASU Prep program turns students into statisticians through the power of sports - ASU News,https://news.google.com/rss/articles/CBMiuwFBVV95cUxQdUZQenliODZwYWY4ZjMxU29qSkkzT01MM21raV9fc3FWbjBDTkRSOXo5Q3dUdGU4Q0JtbHhxeHBYSGlra1FxbjdfY2VwZlpQT1hPVll0S1lFZmFNMUlXSk5KUXdxVVRZYnZzZHpwWk9XTVJGTXBUVU5Wd0FrOVdlRVFHZWo5WFYtbEVHNGFxTDlUbHE3cFgwcHV4d2pKZkE1ZllOYmZwaE9JQ3BCTk9WSHM3b0EwS0t4Zmww?oc=5,"""""","Fri, 28 Feb 2025 08:00:00 GMT",0,"<a href=""https://news.google.com/rss/articles/CBMiuwFBVV95cUxQdUZQenliODZwYWY4ZjMxU29qSkkzT01MM21raV9fc3FWbjBDTkRSOXo5Q3dUdGU4Q0JtbHhxeHBYSGlra1FxbjdfY2VwZlpQT1hPVll0S1lFZmFNMUlXSk5KUXdxVVRZYnZzZHpwWk9XTVJGTXBUVU5Wd0FrOVdlRVFHZWo5WFYtbEVHNGFxTDlUbHE3cFgwcHV4d2pKZkE1ZllOYmZwaE9JQ3BCTk9WSHM3b0EwS0t4Zmww?oc=5"" target=""_blank"">ASU Prep program turns students into statisticians through the power of sports</a>&nbsp;&nbsp;<font color=""#6f6f6f"">ASU News</font>"
google_news,"Hey, batter, batter! Yale’s sports analytics team is taking some big swings - YaleNews",https://news.google.com/rss/articles/CBMiowFBVV95cUxNY0NSNmprd0V4VXl3enJvMGw4azdGVXhxMlZDOEFoT1pKZTE1SUdCUThPQWRCYXhTTEdNZUNlUU5wdGV5YUE5N2N3R2ZRU2xMeTBkTE5PdGtmMEdORWVLRDMxbWRLM3V4N3JIUnRGZDVHenFuV1dlM181TzBhandNY0JEbVYzd19WSzRlVUd5NmJRbHFWMlRLVmpIRGtNdk1JeWhr?oc=5,"""""","Fri, 25 Oct 2024 07:00:00 GMT",0,"<a href=""https://news.google.com/rss/articles/CBMiowFBVV95cUxNY0NSNmprd0V4VXl3enJvMGw4azdGVXhxMlZDOEFoT1pKZTE1SUdCUThPQWRCYXhTTEdNZUNlUU5wdGV5YUE5N2N3R2ZRU2xMeTBkTE5PdGtmMEdORWVLRDMxbWRLM3V4N3JIUnRGZDVHenFuV1dlM181TzBhandNY0JEbVYzd19WSzRlVUd5NmJRbHFWMlRLVmpIRGtNdk1JeWhr?oc=5"" target=""_blank"">Hey, batter, batter! Yale’s sports analytics team is taking some big swings</a>&nbsp;&nbsp;<font color=""#6f6f6f"">YaleNews</font>"
google_news,Impact Players: Sport Analytics Students Help Influence UFL Rules and Strategy - Syracuse University Today,https://news.google.com/rss/articles/CBMitgFBVV95cUxOVG52ZnBmTklHUk5Gb0tadm5HOGVHdlRUVVJOSmo5V0tPU2hLMHJtaFVjV0NxUWtXTk8wZndyaThrTGdGdU5RZi1xT2JnQWJQZVFqMDVzSG9TMWEwOGJSQmlySC1fNWtDUjI1N3BKaVZaU3JSUzhQY05WVVR1MXVVUUl2aGowZ2ltaHhucXlmZF8xX3N1c3VTR1E1U3o1anp4dThwaURRUEhIUU1EWjBUNkFRM2hYQQ?oc=5,"""""","Fri, 25 Jul 2025 07:00:00 GMT",0,"<a href=""https://news.google.com/rss/articles/CBMitgFBVV95cUxOVG52ZnBmTklHUk5Gb0tadm5HOGVHdlRUVVJOSmo5V0tPU2hLMHJtaFVjV0NxUWtXTk8wZndyaThrTGdGdU5RZi1xT2JnQWJQZVFqMDVzSG9TMWEwOGJSQmlySC1fNWtDUjI1N3BKaVZaU3JSUzhQY05WVVR1MXVVUUl2aGowZ2ltaHhucXlmZF8xX3N1c3VTR1E1U3o1anp4dThwaURRUEhIUU1EWjBUNkFRM2hYQQ?oc=5"" target=""_blank"">Impact Players: Sport Analytics Students Help Influence UFL Rules and Strategy</a>&nbsp;&nbsp;<font color=""#6f6f6f"">Syracuse University Today</font>"
google_news,Blueprint Sports Names Economist & Sports Data Analyst Parker Fleming as New Head of Analytics - nilnewsstand.com,https://news.google.com/rss/articles/CBMid0FVX3lxTE1zaUZDSXdoeS00bE5ZN3JZa3pWQkFTcHZ5c3BtNW5qdnl1NUlqbUZRZGRXOG9vdnF2Nlh1VlFPZlpBMDRWODhsN2ZYR3VVd1JlYU1EU1RNcUtjRDA2MnFkRzZZQS1SZjF5RGZSVVEtUHRJOTVpZkFJ?oc=5,"""""","Fri, 16 May 2025 07:00:00 GMT",0,"<a href=""https://news.google.com/rss/articles/CBMid0FVX3lxTE1zaUZDSXdoeS00bE5ZN3JZa3pWQkFTcHZ5c3BtNW5qdnl1NUlqbUZRZGRXOG9vdnF2Nlh1VlFPZlpBMDRWODhsN2ZYR3VVd1JlYU1EU1RNcUtjRDA2MnFkRzZZQS1SZjF5RGZSVVEtUHRJOTVpZkFJ?oc=5"" target=""_blank"">Blueprint Sports Names Economist & Sports Data Analyst Parker Fleming as New Head of Analytics</a>&nbsp;&nbsp;<font color=""#6f6f6f"">nilnewsstand.com</font>"
google_news,"Sports Analytics Market 2030: New Trends, Latest Opportunities, Future Growth, Business Scenario, Size, Share and Top Key Companies - Barchart.com",https://news.google.com/rss/articles/CBMi_wFBVV95cUxNZVd0U2MtRWpnOV9iaHhQVXhLUEpBUGFieHRpaDVQdW0wT2I5SUc1UEZQckhpM09hTGZqTWp0X0R3empKUTZkb0hWak95bVdtLXV0dWxmYktrczMyN0oyRTRLekxKOTNkQ0ltMlFVX09vcS0zNFdwS1VhMmt5MlNrSm5QTFVyS1JXM0dxSm5MN01sdEFfNUhmMGtaRzUzd3JVdmlYcEE1djU4MThueVNkbFRXdmFNVmM3alBLMTl3YXNMSWFjZTdQR1I3NGRVSnVQdnBLVDE2RDl4TjFzb3VKRUR6NmhuMWdlcGE4QUpLOFU0OHJIR1BsWW52ZV85OTQ?oc=5,"""""","Fri, 15 Aug 2025 07:00:00 GMT",0,"<a href=""https://news.google.com/rss/articles/CBMi_wFBVV95cUxNZVd0U2MtRWpnOV9iaHhQVXhLUEpBUGFieHRpaDVQdW0wT2I5SUc1UEZQckhpM09hTGZqTWp0X0R3empKUTZkb0hWak95bVdtLXV0dWxmYktrczMyN0oyRTRLekxKOTNkQ0ltMlFVX09vcS0zNFdwS1VhMmt5MlNrSm5QTFVyS1JXM0dxSm5MN01sdEFfNUhmMGtaRzUzd3JVdmlYcEE1djU4MThueVNkbFRXdmFNVmM3alBLMTl3YXNMSWFjZTdQR1I3NGRVSnVQdnBLVDE2RDl4TjFzb3VKRUR6NmhuMWdlcGE4QUpLOFU0OHJIR1BsWW52ZV85OTQ?oc=5"" target=""_blank"">Sports Analytics Market 2030: New Trends, Latest Opportunities, Future Growth, Business Scenario, Size, Share and Top Key Companies</a>&nbsp;&nbsp;<font color=""#6f6f6f"">Barchart.com</font>"
google_news,Blockchain Is The Missing Trust Layer In Sports Analytics - Cointelegraph,https://news.google.com/rss/articles/CBMiakFVX3lxTE5sMTJyYjZLZWdSNTk1UE1tQVA0RmtpeEptS2Q0dm9iMGVKaUk0T1hyLVFqSlhzNzVsYmRYV3NUUXRRQy1sQ3BKZVBpaVpPU21TWlRYVkxHcC1vb1haV2R1YUx6NzAtbU8tQnc?oc=5,"""""","Fri, 13 Jun 2025 07:00:00 GMT",0,"<a href=""https://news.google.com/rss/articles/CBMiakFVX3lxTE5sMTJyYjZLZWdSNTk1UE1tQVA0RmtpeEptS2Q0dm9iMGVKaUk0T1hyLVFqSlhzNzVsYmRYV3NUUXRRQy1sQ3BKZVBpaVpPU21TWlRYVkxHcC1vb1haV2R1YUx6NzAtbU8tQnc?oc=5"" target=""_blank"">Blockchain Is The Missing Trust Layer In Sports Analytics</a>&nbsp;&nbsp;<font color=""#6f6f6f"">Cointelegraph</font>"
google_news,"Whole new ballgame: Sabermetrics, analytics redefining baseball for fans and teams in 2025 - Cronkite News",https://news.google.com/rss/articles/CBMimgFBVV95cUxQTG1YXzZlN0VsRk56RFZmTHc4c0FaYmlaZUpPZTI5d2lXbVJESjZXQ0Qyc2tMb1JET1B2TVJVVk1JRHhuWGoyaEg0V2pqdExvaFhyeTRMUW5pVkl5bXI2ZHhaMjhSanAtT2VQMmcxMkU5OTdVMzVXNkFLZ2wxektCNTl0OWNxZF9jSUtxNWpNMU5ZRHB2aUFKWTdn?oc=5,"""""","Fri, 09 May 2025 07:00:00 GMT",0,"<a href=""https://news.google.com/rss/articles/CBMimgFBVV95cUxQTG1YXzZlN0VsRk56RFZmTHc4c0FaYmlaZUpPZTI5d2lXbVJESjZXQ0Qyc2tMb1JET1B2TVJVVk1JRHhuWGoyaEg0V2pqdExvaFhyeTRMUW5pVkl5bXI2ZHhaMjhSanAtT2VQMmcxMkU5OTdVMzVXNkFLZ2wxektCNTl0OWNxZF9jSUtxNWpNMU5ZRHB2aUFKWTdn?oc=5"" target=""_blank"">Whole new ballgame: Sabermetrics, analytics redefining baseball for fans and teams in 2025</a>&nbsp;&nbsp;<font color=""#6f6f6f"">Cronkite News</font>"
google_news,Sports Analytics Market worth $4.75 billion by 2030 | MarketsandMarkets™ - Yahoo Finance,https://news.google.com/rss/articles/CBMigwFBVV95cUxOWXI0OS11SnkxbzNZNjl4UHZfZHVCenBNNXExZURHM1ZEQnpDQ0NyV1IzOVViTFdrSW1NOUZudV91c2RCYW94cFljOFMzRmc0THc0SmFGekVGbmdQRWlRWkt1d1NxU212RHotTzZFM1o0ZlF1R2xEQWt4MnVYd3NrZEhUbw?oc=5,"""""","Fri, 08 Aug 2025 07:00:00 GMT",0,"<a href=""https://news.google.com/rss/articles/CBMigwFBVV95cUxOWXI0OS11SnkxbzNZNjl4UHZfZHVCenBNNXExZURHM1ZEQnpDQ0NyV1IzOVViTFdrSW1NOUZudV91c2RCYW94cFljOFMzRmc0THc0SmFGekVGbmdQRWlRWkt1d1NxU212RHotTzZFM1o0ZlF1R2xEQWt4MnVYd3NrZEhUbw?oc=5"" target=""_blank"">Sports Analytics Market worth $4.75 billion by 2030 | MarketsandMarkets™</a>&nbsp;&nbsp;<font color=""#6f6f6f"">Yahoo Finance</font>"
google_news,Falk College’s Jonah Soos Captures National Collegiate Sports Analytics Championship - Syracuse University Today,https://news.google.com/rss/articles/CBMivgFBVV95cUxPNXFUYkwtYmNqLWdjRzZyYnRhNWpJTTNfRGwwLUh1bUVZMGJSNUVud2pGMjdUa0g1UkVuVy1MSk5BWWdSR3lUNGRLb1BBY2x3ZHNQQ0pTYk85aE9ZNTd2V2hRb25tV1R6QnJfQmNjSEtFM25UeDRmNU93eW9INzVHMDh6cHpUNXFYM1dDSUhtZlpYM18ydFhWOWhWZm5ORFBLU3JERmxJaFMyZ2lJLTNtV3hDTk5aQVFqWkMyc1FB?oc=5,"""""","Fri, 07 Mar 2025 08:00:00 GMT",0,"<a href=""https://news.google.com/rss/articles/CBMivgFBVV95cUxPNXFUYkwtYmNqLWdjRzZyYnRhNWpJTTNfRGwwLUh1bUVZMGJSNUVud2pGMjdUa0g1UkVuVy1MSk5BWWdSR3lUNGRLb1BBY2x3ZHNQQ0pTYk85aE9ZNTd2V2hRb25tV1R6QnJfQmNjSEtFM25UeDRmNU93eW9INzVHMDh6cHpUNXFYM1dDSUhtZlpYM18ydFhWOWhWZm5ORFBLU3JERmxJaFMyZ2lJLTNtV3hDTk5aQVFqWkMyc1FB?oc=5"" target=""_blank"">Falk College’s Jonah Soos Captures National Collegiate Sports Analytics Championship</a>&nbsp;&nbsp;<font color=""#6f6f6f"">Syracuse University Today</font>"
google_news,Sports teaches students data analytics - Fairfax County Times,https://news.google.com/rss/articles/CBMixAFBVV95cUxNTXNkWHJWQ1psMEdnYnp3a0NWT0hfXzdOZlcyYk9kX1A3SkJiMjd6bXZsWkZXdXg3TnRqMmtldUlpZm94YTRkMmZMalB2TDRuTWlOd2hfYW9GM2FLVl9xM1hNbWp0dm5oZHdVN0RDWlhVeUVTaEFVNTBkblFaMGtYT2RBeFhrQlh2MjdVUXNKYkVFN1JUSmZzVjdyMVloUzlraHlDNm0yVXFacGp0c2hDQUg4WGEzQWp2VWhaUmltb1prWWxC?oc=5,"""""","Fri, 07 Feb 2025 08:00:00 GMT",0,"<a href=""https://news.google.com/rss/articles/CBMixAFBVV95cUxNTXNkWHJWQ1psMEdnYnp3a0NWT0hfXzdOZlcyYk9kX1A3SkJiMjd6bXZsWkZXdXg3TnRqMmtldUlpZm94YTRkMmZMalB2TDRuTWlOd2hfYW9GM2FLVl9xM1hNbWp0dm5oZHdVN0RDWlhVeUVTaEFVNTBkblFaMGtYT2RBeFhrQlh2MjdVUXNKYkVFN1JUSmZzVjdyMVloUzlraHlDNm0yVXFacGp0c2hDQUg4WGEzQWp2VWhaUmltb1prWWxC?oc=5"" target=""_blank"">Sports teaches students data analytics</a>&nbsp;&nbsp;<font color=""#6f6f6f"">Fairfax County Times</font>"
google_news,Sports Analytics Market Size to Hit USD 29.36 Billion by 2034 - Precedence Research,https://news.google.com/rss/articles/CBMiakFVX3lxTE9sZXBGTmR6LXN1LWxlMzZiU0JxZno1ampRaGhDU28zOFlzcXJOZ2Y1a1lFWnF6c093QnZDbktKVDhNWVlHUVhWd0R0c25VWkZHR29iNVpnZ01VZmdlcDlCTGJNeW5pQVdRb1E?oc=5,"""""","Fri, 06 Jun 2025 07:00:00 GMT",0,"<a href=""https://news.google.com/rss/articles/CBMiakFVX3lxTE9sZXBGTmR6LXN1LWxlMzZiU0JxZno1ampRaGhDU28zOFlzcXJOZ2Y1a1lFWnF6c093QnZDbktKVDhNWVlHUVhWd0R0c25VWkZHR29iNVpnZ01VZmdlcDlCTGJNeW5pQVdRb1E?oc=5"" target=""_blank"">Sports Analytics Market Size to Hit USD 29.36 Billion by 2034</a>&nbsp;&nbsp;<font color=""#6f6f6f"">Precedence Research</font>"
google_news,Catapult Sports Acquires Weight Room Analytics Platform Perch - Fitt Insider,https://news.google.com/rss/articles/CBMijwFBVV95cUxONjI1WkdNYmJxZHJfcUxNWThlX1cxcnpkMF9lc0FvZFVlRTVBU21fbVhXMmhmb1dhZXRvMndkYk84TkVWbzZIZlYyWFhTdEtoWGg5TzdhemxfMnU1X29OV1lfSGhNLUlNOXVZcm92dXo4LTZaLUxXS1VDYTNaWmJpNkk5ZVIzU3VHZWRxRW9vaw?oc=5,"""""","Fri, 06 Jun 2025 07:00:00 GMT",0,"<a href=""https://news.google.com/rss/articles/CBMijwFBVV95cUxONjI1WkdNYmJxZHJfcUxNWThlX1cxcnpkMF9lc0FvZFVlRTVBU21fbVhXMmhmb1dhZXRvMndkYk84TkVWbzZIZlYyWFhTdEtoWGg5TzdhemxfMnU1X29OV1lfSGhNLUlNOXVZcm92dXo4LTZaLUxXS1VDYTNaWmJpNkk5ZVIzU3VHZWRxRW9vaw?oc=5"" target=""_blank"">Catapult Sports Acquires Weight Room Analytics Platform Perch</a>&nbsp;&nbsp;<font color=""#6f6f6f"">Fitt Insider</font>"
google_news,'Tackling this subject head-on': CMU launches sports betting class grounded in statistics - WTAE,https://news.google.com/rss/articles/CBMiekFVX3lxTFBSN3FaNFZGZEtHWEZNVDhMWGpKMmtjV2c4djNpeHhnaWFhQWVNeWRFenlUYzZoa2d5Y1hQZWVpU2Utc2pxTFdiOW9oSEFwRFg5c0JiMHh1Zm9wVzB5dnBxVUpWWGtJZU5vREtFS1VFUEhjbkVPcTFUb2d3?oc=5,"""""","Fri, 05 Sep 2025 07:00:00 GMT",0,"<a href=""https://news.google.com/rss/articles/CBMiekFVX3lxTFBSN3FaNFZGZEtHWEZNVDhMWGpKMmtjV2c4djNpeHhnaWFhQWVNeWRFenlUYzZoa2d5Y1hQZWVpU2Utc2pxTFdiOW9oSEFwRFg5c0JiMHh1Zm9wVzB5dnBxVUpWWGtJZU5vREtFS1VFUEhjbkVPcTFUb2d3?oc=5"" target=""_blank"">'Tackling this subject head-on': CMU launches sports betting class grounded in statistics</a>&nbsp;&nbsp;<font color=""#6f6f6f"">WTAE</font>"
google_news,Students will drive Pitt Health Sciences and Sports Analytics Cloud Innovation Center - University of Pittsburgh,https://news.google.com/rss/articles/CBMiaEFVX3lxTE5sMGNBYWhsbjR3b1RNWHdrZ2lvREs0bE5MZzkybkJ0dFJuUlNtdzdZUEdIMm5xclRtUUJxaGhuV2E5bERHT0N5QnZfT2tHSjhibVg2MnJ3SWpXNXdTX3cyVGFhSlNnVnNi?oc=5,"""""","Fri, 02 May 2025 07:00:00 GMT",0,"<a href=""https://news.google.com/rss/articles/CBMiaEFVX3lxTE5sMGNBYWhsbjR3b1RNWHdrZ2lvREs0bE5MZzkybkJ0dFJuUlNtdzdZUEdIMm5xclRtUUJxaGhuV2E5bERHT0N5QnZfT2tHSjhibVg2MnJ3SWpXNXdTX3cyVGFhSlNnVnNi?oc=5"" target=""_blank"">Students will drive Pitt Health Sciences and Sports Analytics Cloud Innovation Center</a>&nbsp;&nbsp;<font color=""#6f6f6f"">University of Pittsburgh</font>"
unknown,,,,2025-10-09T07:44:09.674Z,score,